aphiaID,scientificName,LifeformCategory
11,Ciliophora,Other
25,Choanoflagellida,Other
51,Mollusca,Other
55,Polyplacophora,Undefined
58,Lepidopleurida,Undefined
64,Chitonidae,Undefined
91,Acanthochitonidae,Undefined
101,Gastropoda,Other
105,Bivalvia,Meroplankton
119,Littorinidae,Undefined
120,Hydrobiidae,Undefined
123,Rissoidae,Undefined
126,Caecidae,Undefined
128,Cerithiidae,Undefined
135,Eulimidae,Undefined
141,Calyptraeidae,Undefined
146,Neogastropoda,Undefined
154,Cephalaspidea,Undefined
172,Aplysiidae,Undefined
200,Dentaliida,Undefined
202,Dentaliidae,Undefined
204,Nuculidae,Undefined
205,Nuculanidae,Undefined
207,Arcida,Undefined
208,Arcidae,Undefined
211,Mytilidae,Undefined
213,Pectinidae,Undefined
214,Anomiidae,Undefined
215,Ostreidae,Undefined
220,Ungulinidae,Undefined
229,Cardiidae,Undefined
230,Mactridae,Undefined
235,Tellinidae,Undefined
241,Arcticidae,Undefined
243,Veneridae,Undefined
245,Myida,Undefined
247,Myidae,Undefined
248,Corbulidae,Undefined
250,Gastrochaenidae,Undefined
251,Hiatellidae,Undefined
252,Pholadidae,Undefined
253,Teredinidae,Undefined
415,Monoplacophora,Undefined
447,Stylommatophora,Undefined
558,Porifera,Undefined
559,Calcarea,Undefined
793,Platyhelminthes,Other
794,Turbellaria,Undefined
798,Monogenea,Undefined
799,Nematoda,Meroplankton
801,Chlorophyta,Other
802,Chlorophyceae,Other
808,Bryopsidales,Undefined
813,Cladophorales,Undefined
820,Prasiolales,Undefined
824,Ulotrichales,Other
827,Ulvales,Undefined
830,Phaeophyceae,Undefined
839,Dictyotales,Undefined
842,Ectocarpales,Undefined
844,Fucales,Undefined
845,Laminariales,Undefined
852,Rhodophyta,Undefined
857,Bangiales,Undefined
860,Ceramiales,Undefined
871,Gigartinales,Undefined
876,Gracilariales,Undefined
878,Palmariales,Undefined
882,Annelida,Meroplankton
883,Polychaeta,Meroplankton
889,Spionida,Undefined
890,Capitellida,Undefined
892,Phyllodocida,Undefined
895,Eunicida,Undefined
900,Terebellida,Undefined
901,Sabellida,Undefined
902,Orbiniidae,Undefined
903,Paraonidae,Undefined
904,Questidae,Undefined
905,Ctenodrilidae,Undefined
913,Spionidae,Other
915,Trochochaetidae,Undefined
916,Poecilochaetidae,Undefined
918,Chaetopteridae,Undefined
919,Cirratulidae,Undefined
921,Capitellidae,Undefined
922,Arenicolidae,Other
923,Maldanidae,Undefined
924,Opheliidae,Undefined
925,Scalibregmatidae,Undefined
931,Phyllodocidae,Undefined
933,Lopadorrhynchidae,Undefined
938,Aphroditidae,Undefined
939,Polynoidae,Other
943,Sigalionidae,Undefined
944,Chrysopetalidae,Undefined
946,Hesionidae,Undefined
948,Syllidae,Other
952,Glyceridae,Undefined
953,Goniadidae,Undefined
956,Nephtyidae,Undefined
958,Tomopteridae,Other
959,Typhloscolecidae,Undefined
961,Euphrosinidae,Undefined
965,Onuphidae,Undefined
966,Eunicidae,Undefined
967,Lumbrineridae,Undefined
971,Dorvilleidae,Undefined
975,Oweniidae,Other
976,Flabelligeridae,Undefined
979,Sabellariidae,Other
980,Pectinariidae,Undefined
981,Ampharetidae,Undefined
982,Terebellidae,Undefined
985,Sabellidae,Undefined
988,Serpulidae,Undefined
992,Nerillidae,Undefined
993,Polygordiidae,Undefined
1028,Sphacelariales,Undefined
1051,Cestoda,Undefined
1065,Arthropoda,Holoplankton
1069,Branchiopoda,Holoplankton
1071,Malacostraca,Other
1078,Ostracoda,Holoplankton
1080,Copepoda,Holoplankton
1091,Podocopida,Undefined
1100,Calanoida,Holoplankton
1101,Cyclopoida,Holoplankton
1102,Harpacticoida,Holoplankton
1103,Poecilostomatoida,Other
1104,Siphonostomatoida,Holoplankton
1106,Monstrilloida,Holoplankton
1128,Euphausiacea,Holoplankton
1130,Decapoda,Meroplankton
1131,Isopoda,Other
1135,Amphipoda,Other
1195,Bopyridae,Other
1248,Ctenophora,Holoplankton
1249,Tentaculata,Holoplankton
1250,Nuda,Undefined
1251,Cydippida,Undefined
1261,Beroida,Undefined
1267,Cnidaria,Other
1271,Entoprocta,Other
1276,Tardigrada,Undefined
1292,Anthozoa,Meroplankton
1294,Enopla,Undefined
1300,Arachnida,Undefined
1302,Pycnogonida,Holoplankton
1304,Chilopoda,Undefined
1305,Diplopoda,Undefined
1307,Insecta,Undefined
1317,Arcellinida,Undefined
1327,Hartmannellidae,Undefined
1328,Flabellulidae,Undefined
1329,Paramoebidae,Undefined
1330,Acanthamoebidae,Undefined
1337,Hydrozoa,Other
1348,Spirotrichea,Undefined
1358,Pantopoda,Other
1360,Actiniaria,Undefined
1361,Ceriantharia,Other
1362,Corallimorpharia,Undefined
1363,Scleractinia,Undefined
1365,Alcyonacea,Undefined
1370,Limnomedusae,Undefined
1371,Siphonophorae,Holoplankton
1385,Golfingiida,Undefined
1403,Heterotrichida,Undefined
1407,Leptomyxida,Undefined
1410,Foraminifera,Other
1484,Halacaridae,Other
1594,Bougainvilliidae,Other
1598,Corymorphidae,Undefined
1599,Corynidae,Undefined
1601,Hydractiniidae,Undefined
1603,Tubulariidae,Undefined
1605,Aglaopheniidae,Undefined
1606,Campanulariidae,Meroplankton
1608,Haleciidae,Undefined
1610,Laodiceidae,Undefined
1612,Phialellidae,Undefined
1613,Plumulariidae,Undefined
1614,Sertulariidae,Undefined
1644,Aspidosiphonidae,Undefined
1645,Phascolosomatidae,Undefined
1647,Phascolionidae,Undefined
1648,Sipunculidae,Undefined
1692,Folliculinidae,Undefined
1703,Strombidiidae,Undefined
1705,Leptomyxidae,Undefined
1755,Pleurobranchidae,Undefined
1761,Discodorididae,Undefined
1762,Nudibranchia,Undefined
1771,Otinidae,Undefined
1776,Pinnidae,Undefined
1777,Limida,Undefined
1778,Limidae,Undefined
1781,Semelidae,Undefined
1782,Scrobiculariidae,Undefined
1789,Phoronida,Meroplankton
1794,Stenolaemata,Undefined
1795,Gymnolaemata,Other
1803,Brachiopoda,Undefined
1806,Echinodermata,Meroplankton
1818,Hemichordata,Meroplankton
1819,Pterobranchia,Undefined
1820,Enteropneusta,Other
2018,Harrimaniidae,Undefined
2019,Ptychoderidae,Undefined
2032,Golfingiidae,Undefined
2038,Enchytraeidae,Undefined
2039,Naididae,Undefined
2078,Gastrotricha,Undefined
2081,Chaetognatha,Holoplankton
2088,Chaetodermatida,Undefined
2094,Solenogastres,Undefined
2118,Haplotaxida,Undefined
2138,Chromadorida,Undefined
2139,Monhysterida,Undefined
2140,Dorylaimida,Undefined
2141,Enoplida,Undefined
2143,Rhabditida,Undefined
2162,Chromadoridae,Undefined
2166,Selachinematidae,Undefined
2167,Desmodoridae,Undefined
2168,Draconematidae,Undefined
2171,Microlaimidae,Undefined
2173,Desmoscolecidae,Undefined
2178,Leptolaimidae,Undefined
2184,Axonolaimidae,Undefined
2185,Comesomatidae,Undefined
2188,Monhysteridae,Undefined
2189,Sphaerolaimidae,Undefined
2190,Xyalidae,Undefined
2195,Anticomidae,Undefined
2196,Enoplidae,Undefined
2197,Phanodermatidae,Undefined
2198,Thoracostomopsidae,Undefined
2200,Leptosomatidae,Undefined
2201,Oxystominidae,Undefined
2204,Oncholaimidae,Undefined
2209,Tripyloididae,Undefined
2211,Trefusiidae,Undefined
2213,Rhabditidae,Undefined
2294,Chromadorita,Undefined
2301,Ptycholaimellus,Undefined
2369,Desmoscolex,Undefined
2407,Leptolaimus,Undefined
2418,Odontophora,Undefined
2433,Sabatieria,Undefined
2445,Diplolaimelloides,Undefined
2447,Monhystera,Undefined
2455,Daptonema,Undefined
2469,Theristus,Undefined
2474,Desmolaimus,Undefined
2494,Astomonema,Undefined
2510,Phanoderma,Undefined
2512,Enoploides,Undefined
2517,Mesacanthion,Undefined
2526,Syringolaimus,Undefined
2548,Halalaimus,Undefined
2551,Oxystomina,Undefined
2564,Symplocostoma,Undefined
2581,Pontonema,Undefined
2586,Bathylaimus,Undefined
2592,Rhabdocoma,Undefined
2593,Trefusia,Undefined
2596,Chromadorina,Undefined
2847,Acoela,Undefined
2848,Nemertodermatida,Undefined
2849,Catenulida,Undefined
2851,Macrostomida,Undefined
2853,Polycladida,Undefined
2854,Prolecithophora,Undefined
5949,Sagittoidea,Undefined
5950,Aphragmophora,Undefined
5951,Phragmophora,Undefined
5953,Sagittidae,Holoplankton
5955,Eukrohniidae,Undefined
6072,Noetiidae,Undefined
7173,Lottiidae,Undefined
8012,Euglena,Other
8038,Petalomonas,Undefined
10527,Lyonsiidae,Undefined
11707,Cephalopoda,Meroplankton
13551,Anthoathecata,Meroplankton
13552,Leptothecata,Meroplankton
13574,Cavibelonia,Undefined
13704,Limacinidae,Undefined
14165,Clitellata,Undefined
14227,Rhopaluridae,Undefined
14260,Rotifera,Holoplankton
14262,Gnathostomulida,Undefined
14355,Stomatopoda,Meroplankton
14435,Simrothiellidae,Undefined
14665,Mitrocomidae,Undefined
15241,Rhodymeniales,Undefined
15308,Corallinales,Undefined
15324,Porphyridiales,Undefined
15378,Eirenidae,Undefined
16236,Rhabdocoela,Undefined
16349,Narcomedusae,Undefined
16350,Trachymedusae,Other
16842,Rhopalonematidae,Undefined
16843,Geryoniidae,Undefined
16845,Cuninidae,Undefined
17330,Pyramimonadales,Undefined
17616,Cafeteriaceae,Undefined
17639,Cryptophyceae,Other
17640,Cryptomonadales,Other
17641,Hemiselmidaceae,Undefined
17644,Cryptomonadaceae,Other
17651,Leucocryptos,Other
17654,Eutreptiales,Undefined
17662,Mamiellales,Undefined
17663,Mamiellaceae,Undefined
17666,Chlorodendrales,Other
17667,Chlorodendraceae,Undefined
17788,Astasiaceae,Undefined
17793,Xanthophyceae,Other
17903,Monogononta,Undefined
17904,Ploima,Undefined
17931,Flosculariaceae,Undefined
17968,Bdelloidea,Undefined
18537,Tetrasporales,Undefined
18608,Chaetophorales,Undefined
18814,Acanthocephala,Undefined
19485,Rathkeidae,Undefined
19497,Bursovaginoidea,Undefined
19542,Dinophyceae,Other
19948,Trematoda,Other
20285,Palaeacanthocephala,Undefined
20997,Pyrenomonadales,Undefined
20998,Chroomonadaceae,Undefined
20999,Pyrenomonadaceae,Undefined
21000,Euglenales,Other
21001,Euglenaceae,Other
21305,Nemaliales,Undefined
22156,Thraustochytriaceae,Undefined
22195,Labyrinthulaceae,Undefined
22496,Nereididae,Undefined
22549,Antipatharia,Undefined
22556,Bodonidae,Other
22557,Bodo,Undefined
22563,Strobilidiidae,Undefined
22564,Strombidinopsidae,Undefined
22565,Apicomplexa,Undefined
22579,Goniomonadaceae,Undefined
22582,Geminigeraceae,Undefined
22586,Cycliophora,Undefined
22599,Mystacocaridida,Undefined
22609,Myzostomatidae,Undefined
22610,Oenonidae,Undefined
22611,Paralacydoniidae,Undefined
22612,Hexactinellida,Undefined
22613,Pycnococcaceae,Undefined
22620,Kentrogonida,Undefined
22622,Seisonidea,Undefined
22624,Euglyphida,Undefined
22724,Vannellidae,Undefined
22725,Vexilliferidae,Undefined
22737,Placozoa,Undefined
22746,Trichoplacidae,Undefined
22767,Tiarannidae,Undefined
22795,Halopterididae,Undefined
22798,Melicertidae,Undefined
22820,Strongylida,Undefined
22859,Cucullanidae,Undefined
22861,Cucullanus,Undefined
22968,Cutleriales,Undefined
22970,Klebsormidiales,Undefined
22973,Rhodochaetales,Undefined
22977,Syringodermatales,Undefined
22978,Tilopteridales,Undefined
22997,Carditidae,Undefined
23005,Cimidae,Undefined
23013,Crassatellidae,Undefined
23043,Gadilinidae,Undefined
23048,Gryphaeidae,Undefined
23052,Haminoeidae,Undefined
23063,Limapontiidae,Undefined
23067,Malleidae,Undefined
23091,Pharidae,Undefined
23097,Planaxidae,Undefined
23121,Spondylidae,Undefined
23157,Thaumatomastigidae,Undefined
100653,Actiniidae,Undefined
100656,Aiptasiidae,Undefined
100680,Phymanthidae,Undefined
100681,Sagartiidae,Undefined
100685,Corallimorphidae,Undefined
100688,Epizoanthidae,Undefined
100689,Parazoanthidae,Undefined
100730,Edwardsia,Undefined
100783,Pachycerianthus,Undefined
100785,Corynactis,Undefined
100790,Epizoanthus,Undefined
100793,Parazoanthus,Undefined
101016,Corynactis viridis,Undefined
101060,Kinorhyncha,Undefined
101063,Priapulida,Undefined
101064,Cyclorhagida,Undefined
101069,Centroderidae,Undefined
101070,Echinoderidae,Undefined
101074,Pycnophyidae,Undefined
101078,Priapulidae,Undefined
101089,Pycnophyes,Undefined
101142,Pycnophyes kielensis,Undefined
101145,Pycnophyes ponticus,Undefined
101179,Leegaardiella,Other
101182,Pelagostrobilidium,Undefined
101183,Rimostrombidium,Undefined
101192,Novistrombidium,Undefined
101194,Spirostrombidium,Undefined
101195,Strombidium,Other
101198,Strombidinopsis,Other
101212,Pelagostrobilidium neptuni,Undefined
101219,Rimostrombidium veniliae,Undefined
101264,Laboea strobila,Other
101289,Strombidium conicum,Other
101350,Strombidinopsis acuminata,Undefined
101389,Ischyroceridae,Undefined
101397,Melitidae,Undefined
101537,Gammarus,Undefined
101571,Jassa,Undefined
101679,Melita,Undefined
101830,Caprella equilibra,Undefined
102274,Gammarus chevreuxi,Undefined
102431,Jassa falcata,Undefined
102438,Jassa slatteryi,Undefined
103301,Antipathidae,Undefined
103339,Perkinsidae,Undefined
103344,Perkinsus,Undefined
103989,Cafeteria,Other
103990,Pseudobodo,Other
103991,Caecitellus,Undefined
104012,Cafeteria roenbergensis,Undefined
104015,Pseudobodo tremulans,Other
104016,Caecitellus parvulus,Undefined
104019,Craniata,Undefined
104020,Rhynchonellata,Undefined
104021,Craniida,Undefined
104023,Terebratulida,Undefined
104028,Cancellothyrididae,Undefined
104055,Terebratulina retusa,Undefined
104074,Acartiidae,Undefined
104079,Calanidae,Undefined
104080,Candaciidae,Undefined
104081,Centropagidae,Undefined
104082,Clausocalanidae,Holoplankton
104088,Lucicutiidae,Undefined
104092,Metridinidae,Holoplankton
104093,Paracalanidae,Undefined
104097,Pontellidae,Holoplankton
104100,Pseudodiaptomidae,Undefined
104106,Temoridae,Undefined
104108,Acartia,Holoplankton
104152,Calanus,Holoplankton
104157,Candacia,Holoplankton
104159,Centropages,Holoplankton
104160,Isias,Undefined
104189,Gaussia,Undefined
104191,Pleuromamma,Holoplankton
104193,Calocalanus,Holoplankton
104196,Paracalanus,Holoplankton
104208,Labidocera,Holoplankton
104212,Pseudocyclops,Undefined
104240,Eurytemora,Holoplankton
104241,Temora,Holoplankton
104262,Acartia tonsa,Holoplankton
104464,Calanus finmarchicus,Holoplankton
104465,Calanus glacialis,Holoplankton
104495,Centropages furcatus,Holoplankton
104496,Centropages hamatus,Holoplankton
104499,Centropages typicus,Holoplankton
104501,Isias clavipes,Holoplankton
104551,Euchaeta concinna,Undefined
104625,Gaussia princeps,Undefined
104669,Calocalanus pavo,Other
104685,Paracalanus parvus,Holoplankton
104872,Eurytemora affinis,Other
104878,Temora longicornis,Holoplankton
104880,Temora turbinata,Holoplankton
104913,Cyclophyllidea,Undefined
105399,Eukrohnia,Undefined
105408,Parasagitta,Other
105410,Sagitta,Holoplankton
105441,Parasagitta friderici,Undefined
105443,Parasagitta setosa,Holoplankton
105450,Sagitta elegans,Holoplankton
105473,Julida,Undefined
105498,Acanthoecidae,Undefined
105500,Salpingoecidae,Undefined
105502,Acanthoeca,Undefined
105505,Bicosta,Undefined
105506,Calliacantha,Other
105511,Crinolina,Undefined
105513,Diaphanoeca,Other
105520,Pleurasiga,Undefined
105526,Savillea,Undefined
105529,Stephanoeca,Undefined
105531,Codosiga,Undefined
105535,Monosiga,Other
105538,Choanoeca,Undefined
105541,Salpingoeca,Other
105557,Bicosta minor,Other
105559,Calliacantha longicaudata,Other
105561,Calliacantha natans,Other
105569,Crinolina isefiordensis,Undefined
105571,Diaphanoeca grandis,Other
105598,Pleurasiga minima,Undefined
105601,Pleurasiga reynoldsii,Other
105612,Savillea micropora,Undefined
105623,Stephanoeca diplocostata,Undefined
105640,Monosiga brevicollis,Undefined
105650,Choanoeca perplexa,Undefined
105667,Salpingoeca infusionum,Undefined
105684,Salpingoeca urceolata,Undefined
106032,Pedunculata,Undefined
106033,Sessilia,Other
106057,Balanidae,Undefined
106066,Verrucidae,Undefined
106087,Lepas,Meroplankton
106101,Pollicipes,Undefined
106123,Megabalanus,Undefined
106149,Lepas anatifera,Undefined
106177,Pollicipes pollicipes,Undefined
106234,Chelonibia patula,Undefined
106262,Bosminidae,Undefined
106263,Sididae,Undefined
106265,Bosmina,Holoplankton
106266,Penilia,Undefined
106272,Penilia avirostris,Holoplankton
106281,Chroomonas,Other
106282,Cryptomonas,Other
106283,Plagioselmis,Other
106285,Teleaulax,Other
106286,Goniomonas,Undefined
106287,Hemiselmis,Other
106289,Rhodomonas,Other
106306,Teleaulax amphioxeia,Other
106309,Goniomonas truncata,Undefined
106317,Beroidae,Undefined
106323,Mertensiidae,Undefined
106324,Pleurobrachiidae,Undefined
106341,Mertensia,Undefined
106346,Pleurobrachia,Holoplankton
106407,Symbion,Undefined
106413,Cyclopidae,Undefined
106414,Cyclopinidae,Undefined
106421,Notodelphyidae,Undefined
106422,Oithonidae,Holoplankton
106437,Cyclopina,Holoplankton
106485,Oithona,Holoplankton
106623,Notodelphys prasina,Undefined
106776,Alpheidae,Other
106777,Hippolytidae,Undefined
106782,Crangonidae,Undefined
106791,Processidae,Undefined
108402,Plagiorchiida,Undefined
108424,Philophthalmidae,Undefined
109386,Blastodiniales,Undefined
109390,Dinophysiales,Other
109391,Gonyaulacales,Other
109392,Gymnodiniales,Other
109393,Noctilucales,Other
109394,Peridiniales,Other
109395,Phytodiniales,Undefined
109396,Prorocentrales,Other
109398,Pyrocystales,Undefined
109399,Suessiales,Undefined
109400,Chytriodiniaceae,Undefined
109401,Amoebophryaceae,Undefined
109406,Dinophysiaceae,Other
109408,Goniodomataceae,Other
109410,Gymnodiniaceae,Other
109412,Lophodiniaceae,Undefined
109415,Warnowiaceae,Other
109418,Noctilucaceae,Other
109421,Ceratiaceae,Other
109422,Ceratocoryaceae,Undefined
109426,Crypthecodiniaceae,Undefined
109428,Gonyaulacaceae,Other
109431,Ostreopsidaceae,Other
109433,Peridiniaceae,Other
109435,Protoperidiniaceae,Other
109436,Pyrophacaceae,Other
109438,Thoracosphaeraceae,Other
109440,Phytodiniaceae,Undefined
109442,Prorocentraceae,Other
109444,Pyrocystaceae,Other
109445,Symbiodiniaceae,Undefined
109448,Amoebophrya,Undefined
109462,Dinophysis,Other
109466,Phalacroma,Other
109467,Sinophysis,Other
109468,Fragilidium,Other
109470,Alexandrium,Other
109473,Amphidinium,Other
109474,Cochlodinium,Other
109475,Gymnodinium,Other
109476,Gyrodinium,Other
109477,Katodinium,Other
109478,Ptychodiscus,Other
109485,Polykrikos,Other
109486,Oxyrrhis,Other
109490,Nematodinium,Other
109491,Warnowia,Other
109492,Woloszynskia,Other
109499,Kofoidinium,Other
109500,Noctiluca,Other
109504,Pentapharsodinium,Other
109506,Ceratium,Other
109507,Ceratocorys,Other
109514,Crypthecodinium,Undefined
109518,Amylax,Other
109519,Gonyaulax,Other
109524,Ostreopsis,Other
109540,Heterocapsa,Other
109544,Peridiniopsis,Undefined
109545,Scrippsiella,Other
109549,Peridinium,Other
109553,Protoperidinium,Other
109555,Pyrophacus,Other
109556,Amphidiniopsis,Other
109558,Thoracosphaera,Undefined
109559,Goniodoma,Other
109566,Prorocentrum,Other
109567,Protoceratium,Other
109571,Pyrocystis,Other
109572,Symbiodinium,Undefined
109583,Kolkwitziella acuta,Undefined
109603,Dinophysis acuminata,Other
109707,Alexandrium affine,Other
109711,Alexandrium minutum,Other
109712,Alexandrium ostenfeldii,Other
109714,Alexandrium tamarense,Other
109720,Amphidinium asymmetricum,Undefined
109784,Gymnodinium catenatum,Other
109889,Torodinium robustum,Other
109894,Herdmania litoralis,Other
109896,Pheopolykrikos beauchampii,Other
109899,Polykrikos kofoidii,Other
109902,Oxyrrhis marina,Other
109905,Erythropsidinium agile,Undefined
109910,Woloszynskia pascheri,Undefined
109918,Kofoidinium pavillardii,Other
109921,Noctiluca scintillans,Other
109986,Ceratocorys horrida,Undefined
110019,Gonyaulax fragilis,Undefined
110035,Gonyaulax polygramma,Other
110068,Ostreopsis ovata,Undefined
110130,Coolia monotis,Other
110152,Heterocapsa rotundata,Other
110208,Protoperidinium bipes,Other
110213,Protoperidinium conicum,Other
110214,Protoperidinium crassipes,Other
110216,Protoperidinium denticulatum,Other
110217,Protoperidinium depressum,Other
110219,Protoperidinium divergens,Other
110220,Protoperidinium excentricum,Other
110229,Protoperidinium leonis,Other
110244,Protoperidinium pallidum,Other
110245,Protoperidinium pellucidum,Other
110248,Protoperidinium punctulatum,Other
110260,Protoperidinium thorianum,Other
110267,Pyrophacus steinii,Undefined
110270,Amphidiniopsis swedmarkii,Undefined
110303,Prorocentrum micans,Other
110304,Prorocentrum minimum,Other
110316,Prorocentrum triestinum,Other
110321,Protoceratium reticulatum,Other
110325,Dissodinium pseudolunula,Other
110335,Symbiodinium microadriaticum,Undefined
110342,Echiuroidea,Undefined
110349,Echiuridae,Undefined
110671,Euphausiidae,Holoplankton
110690,Meganyctiphanes norvegica,Other
110722,Cheilostomatida,Other
110723,Ctenostomatida,Undefined
110724,Cyclostomatida,Undefined
110729,Bitectiporidae,Undefined
110731,Bugulidae,Undefined
110733,Calloporidae,Undefined
110734,Candidae,Undefined
110736,Celleporidae,Undefined
110746,Electridae,Undefined
110762,Membraniporidae,Undefined
110772,Schizoporellidae,Undefined
110775,Smittinidae,Undefined
110781,Watersiporidae,Undefined
110783,Alcyonidiidae,Undefined
110795,Nolellidae,Undefined
110801,Triticellidae,Undefined
110806,Crisiidae,Undefined
110814,Tubuliporidae,Undefined
110829,Schizomavella,Undefined
110839,Bugula,Undefined
110851,Callopora,Undefined
110875,Celleporina,Undefined
110903,Conopeum,Undefined
110904,Electra,Undefined
110938,Membranipora,Undefined
110975,Schizoporella,Undefined
110978,Parasmittina,Undefined
110991,Watersipora,Undefined
111020,Triticella,Undefined
111022,Amathia,Undefined
111032,Crisia,Undefined
111054,Tubulipora,Meroplankton
111062,Aetea anguina,Undefined
111099,Schizomavella linearis,Undefined
111158,Bugula neritina,Undefined
111196,Callopora dumerilii,Undefined
111197,Callopora lineata,Undefined
111274,Celleporina hassallii,Undefined
111351,Conopeum reticulum,Undefined
111411,Membranipora membranacea,Undefined
111525,Schizoporella dunkeri,Undefined
111540,Scruparia chelata,Undefined
111592,Watersipora subtorquata,Undefined
111602,Alcyonidium mamillatum,Undefined
111621,Flustrellidra hispida,Undefined
111631,Anguinella palmata,Undefined
111695,Crisia denticulata,Undefined
111704,Crisia sigmoidea,Undefined
111719,Plagioecia patina,Undefined
111758,Tubulipora flabellaris,Undefined
111760,Tubulipora liliacea,Undefined
111794,Loxosomatidae,Undefined
111795,Barentsia,Undefined
111799,Loxosomella,Undefined
111800,Barentsia benedeni,Undefined
111834,Loxosomella murmanica,Undefined
111901,Peneroplidae,Undefined
111902,Soritidae,Undefined
111907,Anomalinidae,Undefined
111929,Globigerinidae,Undefined
111937,Nummulitidae,Undefined
111948,Rotaliidae,Undefined
111975,Trochamminidae,Undefined
111984,Gromia,Undefined
112069,Sorites,Undefined
112078,Ammonia,Undefined
112084,Cibicidoides,Undefined
112117,Stainforthia,Undefined
112162,Elphidium,Undefined
112168,Epistominella,Undefined
112341,Reophax,Undefined
112412,Trochammina,Undefined
112845,Ammonia aberdoveyensis,Undefined
112877,Cibicides refulgens,Undefined
112890,Cibicidoides wuellerstorfi,Undefined
113042,Bulimina marginata,Undefined
113070,Stainforthia fusiformis,Undefined
113334,Epistominella exigua,Undefined
113460,Orbulina universa,Undefined
114416,Chaetonotidae,Undefined
114417,Neodasyidae,Undefined
114420,Dactylopodolidae,Undefined
114421,Lepidodasyidae,Undefined
114424,Thaumastodermatidae,Undefined
114425,Turbanellidae,Undefined
114427,Chaetonotus,Undefined
114428,Halichaetonotus,Undefined
114430,Heterolepidoderma,Undefined
114432,Lepidodermella,Undefined
114435,Neodasys,Undefined
114445,Lepidodasys,Undefined
114446,Megadasys,Undefined
114447,Mesodasys,Undefined
114459,Ptychostomella,Undefined
114460,Tetranchyroderma,Undefined
114461,Thaumastoderma,Undefined
114464,Paraturbanella,Undefined
114593,Mesodasys adenotubulatus,Undefined
114595,Mesodasys laticaudatus,Undefined
114657,Tetranchyroderma pachysomum,Undefined
114675,Thaumastoderma ramuliferum,Undefined
114708,Austrognathiidae,Undefined
114710,Gnathostomulidae,Undefined
114711,Mesognathariidae,Undefined
114717,Austrognatharia,Undefined
114718,Austrognathia,Undefined
114726,Haplognathia,Undefined
114737,Gnathostomula paradoxa,Undefined
114738,Labidognathia longicollis,Undefined
114746,Haplognathia ruberrima,Undefined
115058,Mischococcales,Other
115060,Isochrysidales,Other
115061,Prymnesiales,Other
115064,Calyptrosphaeraceae,Undefined
115068,Rhabdosphaeraceae,Undefined
115072,Phaeocystaceae,Undefined
115073,Prymnesiaceae,Other
115086,Emiliania,Other
115088,Phaeocystis,Other
115089,Chrysocampanula,Undefined
115090,Chrysochromulina,Other
115104,Emiliania huxleyi,Other
115126,Chrysochromulina parkeae,Other
115135,Ameiridae,Undefined
115140,Canthocamptidae,Undefined
115141,Canuellidae,Undefined
115151,Ectinosomatidae,Undefined
115153,Harpacticidae,Holoplankton
115163,Miraciidae,Undefined
115178,Tachidiidae,Undefined
115181,Thalestridae,Undefined
115188,Ameira,Undefined
115241,Mesochra,Undefined
115249,Canuella,Undefined
115309,Diosaccus,Undefined
115349,Harpacticus,Undefined
115351,Tigriopus,Other
115352,Zaus,Undefined
115444,Tachidius,Undefined
115467,Phyllothalestris,Undefined
115484,Tisbe,Other
115525,Ameira scotti,Undefined
115706,Mesochra rapiens,Undefined
115723,Canuella perplexa,Undefined
115960,Paramphiascella fulvofasciata,Undefined
116184,Tigriopus fulvus,Undefined
116187,Zaus caeruleus,Undefined
116290,Paralaophonte congenera,Undefined
116383,Miracia efferata,Holoplankton
116999,Aglaophenia,Undefined
117015,Bougainvillia,Meroplankton
117029,Campanularia,Undefined
117030,Clytia,Meroplankton
117031,Gonothyraea,Undefined
117033,Laomedea,Undefined
117034,Obelia,Meroplankton
117051,Cordylophora,Undefined
117067,Coryne,Undefined
117074,Solmissus,Undefined
117085,Helgicirrha,Undefined
117092,Eucheilota,Undefined
117098,Geryonia,Undefined
117099,Liriope,Undefined
117103,Halecium,Undefined
117113,Antennella,Undefined
117117,Hydractinia,Meroplankton
117119,Podocoryna,Undefined
117136,Lafoea,Undefined
117142,Melicertissa,Undefined
117146,Staurostoma,Undefined
117152,Melicertum,Undefined
117175,Olindias,Undefined
117192,Phialella,Undefined
117195,Nemertesia,Undefined
117196,Plumularia,Undefined
117213,Aglaura,Undefined
117218,Pantachogon,Undefined
117226,Amphisbetia,Undefined
117233,Sertularella,Undefined
117234,Sertularia,Undefined
117250,Stegopoma,Undefined
117254,Ectopleura,Undefined
117368,Clytia hemisphaerica,Meroplankton
117377,Gonothyraea loveni,Undefined
117379,Laomedea angulata,Undefined
117380,Laomedea calceolifera,Undefined
117385,Obelia bidentata,Undefined
117428,Cordylophora caspia,Undefined
117475,Dipurena halterata,Undefined
117504,Solmissus incisa,Undefined
117517,Eutonina indicans,Other
117535,Eucheilota maculata,Other
117567,Geryonia proboscidalis,Undefined
117568,Liriope tetraphylla,Other
117597,Halecium muricatum,Undefined
117602,Halecium pusillum,Undefined
117610,Hydranthea margarica,Undefined
117632,Halopteris diaphana,Undefined
117674,Kirchenpaueria pinnata,Undefined
117774,Olindias phosphorica,Undefined
117804,Phialella quadrata,Meroplankton
117809,Nemertesia antennina,Undefined
117824,Plumularia setacea,Undefined
117851,Aglaura hemistoma,Undefined
117860,Pantachogon haeckeli,Undefined
117874,Amphisbetia operculata,Undefined
117903,Sertularella mediterranea,Undefined
117914,Sertularia distans,Undefined
117975,Stegopoma plicatile,Undefined
117982,Ectopleura dumortierii,Other
118004,Allantion,Undefined
118006,Ancyromonas,Undefined
118011,Cryothecomonas,Other
118014,Ebria,Other
118016,Kiitoksia,Undefined
118019,Metromonas,Undefined
118022,Pirsonia,Undefined
118027,Solenicola,Other
118028,Telonema,Other
118045,Cryothecomonas aestivalis,Undefined
118051,Ebria tripartita,Other
118058,Metopion fluens,Undefined
118061,Ministeria vibrans,Undefined
118065,Pirsonia formosa,Undefined
118066,Pirsonia guinardiae,Undefined
118068,Pirsonia verrucosa,Undefined
118073,Solenicola setigera,Other
118075,Telonema subtile,Other
118083,Pseudoscorpiones,Undefined
118084,Archaeognatha,Undefined
118085,Coleoptera,Undefined
118086,Collembola,Undefined
118087,Dermaptera,Undefined
118088,Diptera,Undefined
118089,Hemiptera,Undefined
118092,Carabidae,Undefined
118097,Neanuridae,Undefined
118100,Chironomidae,Undefined
118164,Athelges,Undefined
118277,Sphaeromatidae,Undefined
118426,Cymodoce,Undefined
119077,Leucocryptos marina,Other
119090,Labyrinthula,Undefined
119094,Schizochytrium,Undefined
119095,Thraustochytrium,Undefined
119121,Thraustochytrium kinnei,Undefined
119145,Rhopalura,Undefined
119178,Rhopalura ophiocomae,Undefined
119225,Capsalidae,Undefined
119270,Nitzschia,Other
119822,Mysidae,Holoplankton
120239,Bivalvulida,Undefined
120240,Multivalvulida,Undefined
120248,Ceratomyxidae,Undefined
120250,Myxidiidae,Undefined
120252,Parvicapsulidae,Undefined
120255,Kudoidae,Undefined
120256,Trilosporidae,Undefined
120257,Myxobolidae,Undefined
120258,Sphaeromyxa,Undefined
120261,Auerbachia,Undefined
120262,Ceratomyxa,Undefined
120266,Myxidium,Undefined
120270,Parvicapsula,Undefined
120285,Kudoa,Undefined
120288,Henneguya,Undefined
120315,Auerbachia pulchra,Undefined
120398,Myxidium gadi,Undefined
120531,Acanthamoeba,Undefined
120537,Nolandella,Undefined
120543,Saccamoeba,Undefined
120544,Flabellula,Undefined
120547,Hartmannella,Undefined
120548,Rhizamoeba,Undefined
120550,Korotnevella,Undefined
120552,Paramoeba,Undefined
120553,Reticulamoeba,Undefined
120554,Thalassomyxa,Undefined
120559,Thecamoeba,Undefined
120563,Clydonella,Undefined
120565,Platyamoeba,Undefined
120566,Vannella,Other
120567,Neoparamoeba,Undefined
120569,Pseudoparamoeba,Undefined
120587,Stygamoeba regulata,Undefined
120609,Hartmannella abertawensis,Undefined
120622,Paramoeba aestuarina,Undefined
120624,Paramoeba pemaquidensis,Undefined
120633,Parvamoeba rugata,Undefined
120662,Vannella septentrionalis,Undefined
120663,Vannella simplex,Undefined
120749,Chromadorita leuckarti,Undefined
120802,Spilophorella paradoxa,Undefined
120877,Paracanthonchus caecus,Undefined
121490,Sphaerolaimus hirsutus,Undefined
121540,Daptonema normandicum,Undefined
122216,Pontonema vulgare,Undefined
122303,Monostilifera,Undefined
122305,Heteronemertea,Undefined
122307,Palaeonemertea,Undefined
122308,Bdellonemertea,Undefined
122314,Lineidae,Undefined
122319,Cephalothricidae,Undefined
122321,Tubulanidae,Undefined
122323,Amphiporidae,Undefined
122326,Emplectonematidae,Undefined
122327,Ototyphlonemertidae,Undefined
122329,Tetrastemmatidae,Undefined
122358,Lineus,Undefined
122360,Micrura,Undefined
122375,Notospermus,Undefined
122379,Cephalothrix,Undefined
122382,Hubrechtella,Undefined
122386,Carinina,Undefined
122391,Amphiporus,Undefined
122419,Tetrastemma,Undefined
122420,Annulonemertes,Undefined
122423,Oerstedia,Undefined
122511,Lineus bilineatus,Undefined
122555,Micrura fasciolata,Undefined
122599,Cephalothrix rufifrons,Undefined
122607,Hubrechtella dubia,Undefined
122611,Callinera grandis,Undefined
122791,Tetrastemma melanocephalum,Undefined
122811,Annulonemertes minusculus,Undefined
122817,Oerstedia dorsalis,Undefined
123080,Asteroidea,Meroplankton
123081,Crinoidea,Undefined
123082,Echinoidea,Other
123083,Holothuroidea,Other
123084,Ophiuroidea,Meroplankton
123088,Paxillosida,Undefined
123093,Comatulida,Undefined
123095,Isocrinida,Undefined
123100,Clypeasteroida,Undefined
123101,Echinoida,Undefined
123106,Spatangoida,Other
123108,Apodida,Undefined
123111,Dendrochirotida,Undefined
123117,Ophiurida,Undefined
123148,Antedonidae,Undefined
123180,Chiridotidae,Undefined
123182,Synaptidae,Undefined
123200,Ophiuridae,Other
123206,Amphiuridae,Undefined
123208,Ophiotrichidae,Undefined
123390,Strongylocentrotus,Undefined
123449,Leptosynapta,Undefined
123626,Ophiothrix,Undefined
124465,Leptosynapta inhaerens,Undefined
125274,Ellisellidae,Undefined
125281,Paragorgiidae,Undefined
127484,Polycopidae,Undefined
127489,Candonidae,Undefined
127498,Cytheruridae,Undefined
127502,Leptocytheridae,Undefined
127503,Limnocytheridae,Undefined
127504,Loxoconchidae,Undefined
127508,Paradoxostomatidae,Undefined
127512,Pontocyprididae,Undefined
127617,Semicytherura,Undefined
127637,Leptocythere,Undefined
127639,Cytheromorpha,Undefined
128113,Semicytherura striata,Undefined
128195,Leptocythere lacertosa,Undefined
128545,Phoronis,Meroplankton
128546,Phoronopsis,Undefined
128548,Phoronis hippocrepia,Undefined
128549,Phoronis muelleri,Meroplankton
128551,Phoronis pallida,Undefined
128563,Anthessiidae,Undefined
128566,Chondracanthidae,Undefined
128567,Clausidiidae,Other
128568,Clausiidae,Undefined
128577,Lichomolgidae,Undefined
128591,Pseudanthessiidae,Undefined
128592,Rhynchomolgidae,Undefined
128595,Sapphirinidae,Undefined
128607,Anthessius,Undefined
128618,Chondracanthus,Undefined
128627,Clausia,Undefined
128665,Lichomolgidium,Undefined
128666,Lichomolgus,Undefined
128711,Pseudanthessius,Undefined
128712,Critomolgus,Undefined
128722,Sapphirina,Other
128763,Chondracanthus lophii,Undefined
128764,Chondracanthus merluccii,Undefined
128770,Lernentoma asellina,Undefined
128875,Lichomolgus canui,Undefined
129096,Siboglinidae,Undefined
129143,Alciopina,Undefined
129149,Torrea,Undefined
129160,Auchenoplax,Undefined
129191,Paramphinome,Undefined
129194,Aphrodita,Undefined
129205,Abarenicola,Undefined
129211,Capitella,Undefined
129213,Dasybranchus,Undefined
129214,Heteromastus,Undefined
129220,Notomastus,Undefined
129232,Phyllochaetopterus,Undefined
129241,Caulleriella,Undefined
129243,Cirratulus,Undefined
129249,Tharyx,Undefined
129253,Ctenodrilus,Undefined
129260,Dinophilus,Undefined
129266,Ophryotrocha,Undefined
129270,Parougia,Undefined
129282,Nematonereis,Undefined
129296,Glycera,Undefined
129299,Glycinde,Undefined
129302,Progoniada,Undefined
129337,Lumbrineris,Undefined
129338,Ninoe,Undefined
129342,Axiothella,Undefined
129347,Euclymene,Undefined
129349,Johnstonia,Undefined
129360,Praxillella,Undefined
129370,Nephtys,Other
129380,Perinereis,Undefined
129393,Paranerilla,Undefined
129404,Onuphis,Undefined
129410,Armandia,Undefined
129413,Ophelia,Undefined
129414,Ophelina,Undefined
129421,Phylo,Undefined
129425,Scoloplos,Undefined
129426,Myriochele,Undefined
129427,Owenia,Other
129428,Paralacydonia,Undefined
129430,Aricidea,Undefined
129435,Paraonis,Undefined
129437,Pectinaria,Meroplankton
129471,Poecilochaetus,Other
129472,Polygordius,Other
129520,Sabellaria,Other
129524,Branchiomma,Undefined
129525,Chone,Undefined
129528,Euchone,Undefined
129535,Manayunkia,Undefined
129555,Scalibregma,Undefined
129562,Ficopomatus,Undefined
129566,Hydroides,Undefined
129572,Pomatoceros,Undefined
129578,Salmacina,Undefined
129580,Serpula,Undefined
129584,Vermiliopsis,Undefined
129608,Aurospio,Undefined
129610,Boccardiella,Undefined
129611,Dipolydora,Undefined
129614,Malacoceros,Undefined
129615,Marenzelleria,Undefined
129619,Polydora,Other
129620,Prionospio,Undefined
129621,Pseudopolydora,Undefined
129625,Spio,Undefined
129626,Spiophanes,Undefined
129627,Streblospio,Undefined
129631,Janua,Undefined
129634,Neodexiospira,Undefined
129642,Spirorbis,Undefined
129654,Exogone,Undefined
129660,Odontosyllis,Undefined
129664,Parapionosyllis,Undefined
129678,Streptosyllis,Undefined
129679,Syllides,Undefined
129686,Amphitrite,Undefined
129687,Amphitritides,Undefined
129697,Lanice,Other
129700,Loimia,Undefined
129701,Lysilla,Undefined
129710,Polycirrus,Undefined
129713,Terebella,Undefined
129714,Thelepus,Undefined
129715,Tomopteris,Holoplankton
129717,Terebellides,Undefined
129719,Trochochaeta,Undefined
129722,Typhloscolex,Undefined
129876,Capitella capitata,Undefined
129884,Heteromastus filiformis,Undefined
129898,Notomastus latericeus,Undefined
130000,Dinophilus gyrociliatus,Undefined
130041,Protodorvillea kefersteini,Undefined
130047,Trilobodrilus axi,Undefined
130075,Marphysa sanguinea,Undefined
130094,Fauveliopsis scabra,Undefined
130100,Diplocirrus glaucus,Undefined
130126,Glycera oxycephala,Undefined
130255,Ninoe nigripes,Undefined
130282,Clymenura clypeata,Undefined
130298,Johnstonia clymenoides,Undefined
130362,Nephtys incisa,Undefined
130496,Ophelia rathkei,Undefined
130500,Ophelina acuminata,Undefined
130544,Owenia fusiformis,Other
130575,Aricidea wassi,Undefined
130593,Pectinaria granulata,Undefined
130599,Pholoe baltica,Undefined
130711,Poecilochaetus serpens,Undefined
130839,Protodrilus adhaerens,Undefined
130843,Protodrilus ciliatus,Undefined
130852,Protodrilus purpureus,Undefined
130854,Protodrilus rubropharyngeus,Undefined
130866,Sabellaria alveolata,Undefined
130926,Manayunkia aestuarina,Undefined
130980,Scalibregma inflatum,Undefined
130987,Ditrupa arietina,Undefined
130988,Ficopomatus enigmaticus,Undefined
131027,Pomatoceros triqueter,Undefined
131051,Serpula vermicularis,Undefined
131061,Vermiliopsis striaticeps,Undefined
131077,Sthenelais limicola,Undefined
131114,Boccardiella ligerica,Undefined
131131,Malacoceros fuliginosus,Undefined
131135,Marenzelleria viridis,Undefined
131155,Prionospio dubia,Undefined
131168,Pseudopolydora paucibranchiata,Undefined
131171,Scolelepis bonnieri,Undefined
131187,Spiophanes bombyx,Other
131191,Streblospio benedicti,Undefined
131209,Neodexiospira brasiliensis,Undefined
131351,Pionosyllis lamelligera,Undefined
131399,Streptosyllis bidentata,Undefined
131450,Syllis pectinans,Undefined
131495,Lanice conchilega,Undefined
131499,Loimia medusa,Undefined
131516,Pista cristata,Undefined
131542,Terebella lapidaria,Undefined
131543,Thelepus cincinnatus,Undefined
131573,Terebellides stroemii,Undefined
131587,Homoscleromorpha,Undefined
131591,Leucosolenida,Undefined
131592,Lithonida,Undefined
131593,Clathrinida,Undefined
131594,Dendroceratida,Undefined
131595,Dictyoceratida,Undefined
131598,Haplosclerida,Undefined
131599,Poecilosclerida,Undefined
131601,Homosclerophorida,Undefined
131615,Heteropiidae,Undefined
131616,Leucosoleniidae,Undefined
131617,Sycettidae,Undefined
131619,Clathrinidae,Undefined
131633,Halichondriidae,Undefined
131634,Halisarcidae,Undefined
131635,Callyspongiidae,Undefined
131636,Chalinidae,Undefined
131637,Niphatidae,Undefined
131638,Petrosiidae,Undefined
131649,Mycalidae,Undefined
131650,Coelosphaeridae,Undefined
131659,Tedaniidae,Undefined
131670,Hemiasterellidae,Undefined
131674,Spirastrellidae,Undefined
131676,Suberitidae,Undefined
131715,Leucosolenia,Undefined
131729,Clathrina,Undefined
131762,Cacospongia,Undefined
131808,Hymeniacidon,Undefined
131822,Halisarca,Undefined
131834,Haliclona,Undefined
131849,Xestospongia,Undefined
131907,Mycale,Undefined
132026,Cliona,Undefined
132060,Spirastrella,Undefined
132069,Pseudosuberites,Undefined
132078,Diplastrella,Undefined
132971,Iophon nigricans,Undefined
133293,Mycale macilenta,Undefined
133445,Crambe crambe,Undefined
134524,Nephroselmis,Other
134526,Tetraselmis,Other
134527,Cymbomonas,Other
134528,Halosphaera,Other
134529,Pyramimonas,Other
134530,Dolichomastix,Other
134531,Mamiella,Other
134532,Mantoniella,Undefined
134533,Micromonas,Other
134534,Pseudoscourfieldia,Other
134541,Nephroselmis pyriformis,Other
134542,Nephroselmis rotunda,Other
134545,Cymbomonas tetramitiformis,Other
134562,Mamiella gilva,Other
134563,Mantoniella squamata,Other
134564,Micromonas pusilla,Other
134566,Pseudoscourfieldia marina,Other
134764,Sacculinidae,Undefined
134782,Sacculina,Undefined
134805,Sacculina carcini,Undefined
134812,Hypocomidae,Undefined
134839,Hypocoma,Undefined
134896,Hypocoma acinetarum,Undefined
134917,Asplanchnidae,Undefined
134918,Brachionidae,Undefined
134919,Dicranophoridae,Undefined
134921,Lecanidae,Undefined
134935,Asplanchna,Undefined
134937,Brachionus,Undefined
134949,Encentrum,Undefined
134980,Brachionus calyciflorus,Undefined
135036,Proales reinhardti,Undefined
135061,Synchaeta pectinata,Undefined
135079,Pocilloporidae,Undefined
135219,Cubozoa,Undefined
135220,Scyphozoa,Other
135224,Rhizostomeae,Undefined
135225,Semaeostomeae,Undefined
135226,Stauromedusae,Undefined
135230,Atorellidae,Undefined
135239,Cyaneidae,Undefined
135240,Pelagiidae,Undefined
135241,Ulmaridae,Undefined
135254,Catostylus,Undefined
135258,Rhopilema,Undefined
135259,Cyanea,Meroplankton
135261,Chrysaora,Undefined
135263,Aurelia,Meroplankton
135275,Haliclystus,Undefined
135301,Cyanea capillata,Meroplankton
135338,Diphyidae,Holoplankton
135340,Prayidae,Undefined
135350,Rhodaliidae,Undefined
135367,Sulculeolaria,Undefined
135375,Nectopyramis,Undefined
135447,Sulculeolaria quadrivalvis,Undefined
135511,Asterocheridae,Undefined
135513,Caligidae,Other
135518,Dinopontiidae,Undefined
135525,Lernaeopodidae,Undefined
135531,Pandaridae,Undefined
135536,Sphyriidae,Undefined
135635,Echthrogaleus,Undefined
135976,Echthrogaleus coleoptratus,Undefined
136019,Aspidosiphon,Undefined
136021,Golfingia,Undefined
136022,Nephasoma,Undefined
136025,Phascolion,Undefined
136027,Apionsoma,Undefined
136029,Phascolosoma,Undefined
136041,Golfingia elongata,Undefined
136093,Squillidae,Undefined
136149,Pendulomonas adriperis,Undefined
136192,Leviapseudes,Undefined
136619,Eutardigrada,Undefined
136620,Heterotardigrada,Undefined
136621,Hypsibiidae,Undefined
136624,Echiniscoididae,Undefined
136632,Echiniscoides,Undefined
136679,Echiniscoides sigismundi,Undefined
136743,Cyphoderiidae,Undefined
136744,Euglyphidae,Undefined
136745,Paulinellidae,Undefined
136748,Gromiidae,Undefined
136750,Pseudodifflugiidae,Undefined
136753,Arcella,Undefined
136772,Cyphoderia,Undefined
136779,Paulinella,Undefined
136806,Arcella hemisphaerica,Undefined
136901,Paulinella chromatophora,Undefined
136926,Gromia oviformis,Undefined
137288,Thaumatomastix,Undefined
137297,Protaspis obliqua,Undefined
137349,Grania,Undefined
137359,Stylaria,Undefined
137588,Harrimania,Undefined
137590,Saccoglossus,Undefined
137600,Saccoglossus kowalevskii,Undefined
137604,Stereobalanus canadensis,Undefined
137675,Arctica,Undefined
137722,Crepidula,Undefined
137735,Cerastoderma,Undefined
137739,Parvicardium,Undefined
137752,Creseis,Undefined
137761,Clypeomorus,Undefined
137775,Chama,Undefined
137787,Graphis,Undefined
137841,Corbula,Undefined
137906,Donax,Undefined
137916,Doto,Undefined
138040,Goniodoris,Undefined
138068,Hiatella,Undefined
138074,Histioteuthis,Undefined
138094,Bornia,Undefined
138117,Leptochiton,Undefined
138122,Limacina,Other
138126,Limaria,Undefined
138154,Lyonsia,Undefined
138158,Mactra,Undefined
138162,Malleus,Undefined
138211,Mya,Undefined
138225,Musculus,Undefined
138231,Xenostrobus,Undefined
138298,Ostrea,Undefined
138332,Petricola,Undefined
138333,Ensis,Undefined
138335,Phaxas,Undefined
138339,Philine,Undefined
138341,Barnea,Undefined
138355,Planaxis,Undefined
138379,Janolus,Undefined
138441,Benthonella,Undefined
138466,Sinezona,Undefined
138474,Abra,Undefined
138531,Macoma,Undefined
138549,Thracia,Undefined
138758,Aplysia punctata,Undefined
138963,Crepidula fornicata,Undefined
138998,Cerastoderma edule,Undefined
139008,Parvicardium exiguum,Undefined
139010,Parvicardium minimum,Undefined
139410,Corbula gibba,Undefined
140017,Galeomma turtoni,Undefined
140059,Haliotis tuberculata,Undefined
140103,Hiatella arctica,Undefined
140144,Lepidochitona corrugata,Undefined
140160,Bornia sebetia,Undefined
140166,Jorunna tomentosa,Undefined
140199,Leptochiton asellus,Undefined
140235,Limaria hians,Undefined
140301,Spisula solida,Undefined
140430,Mya arenaria,Undefined
140474,Musculus niger,Undefined
140480,Mytilus edulis,Undefined
140485,Xenostrobus securis,Undefined
140592,Nucula sulcata,Undefined
140735,Ensis siliqua,Undefined
140737,Phaxas pellucidus,Undefined
140767,Barnea candida,Undefined
140770,Pholas dactylus,Undefined
140855,Janolus cristatus,Undefined
141424,Scrobicularia plana,Undefined
141433,Abra alba,Undefined
141435,Abra nitida,Undefined
141556,Calliopaea bellula,Undefined
141641,Tergipes tergipes,Undefined
141651,Thracia villosiuscula,Undefined
141737,Tritonia nilsodhneri,Undefined
141936,Venus verrucosa,Undefined
142021,Trichoplax,Undefined
142027,Proseriata,Undefined
142028,Tricladida,Undefined
142029,Anaperidae,Undefined
142032,Childiidae,Undefined
142033,Convolutidae,Undefined
142035,Hallangiidae,Undefined
142036,Haploposthiidae,Undefined
142037,Hofsteniidae,Undefined
142038,Mecynostomidae,Undefined
142043,Sagittiferidae,Undefined
142044,Solenofilomorphidae,Undefined
142051,Dolichomacrostomidae,Undefined
142052,Macrostomidae,Undefined
142053,Microstomidae,Undefined
142054,Nemertodermatidae,Undefined
142071,Stylochidae,Undefined
142076,Protomonotresidae,Undefined
142077,Pseudostomidae,Undefined
142080,Urastomidae,Undefined
142082,Fecampiidae,Undefined
142084,Provorticidae,Undefined
142085,Pterastericolidae,Undefined
142086,Umagillidae,Undefined
142090,Cicerinidae,Undefined
142094,Gnathorhynchidae,Undefined
142095,Karkinorhynchidae,Undefined
142099,Polycystididae,Undefined
142101,Schizorhynchidae,Undefined
142105,Solenopharyngidae,Undefined
142107,Typhloplanidae,Undefined
142108,Coelogynoporidae,Undefined
142109,Monocelididae,Undefined
142111,Nematoplanidae,Undefined
142113,Otoplanidae,Undefined
142116,Cercyridae,Undefined
142138,Philactinoposthia,Undefined
142154,Proaphanostoma,Undefined
142156,Pseudaphanostoma,Undefined
142162,Haplogonaria,Undefined
142164,Kuma,Undefined
142167,Pseudohaplogonaria,Undefined
142187,Oligofilomorpha,Undefined
142188,Solenofilomorpha,Undefined
142201,Myozonaria,Undefined
142202,Paromalostomum,Undefined
142205,Macrostomum,Undefined
142210,Microstomum,Undefined
142245,Stylochus,Undefined
142266,Reisingeria,Undefined
142297,Pterastericola,Undefined
142303,Seritia,Undefined
142339,Uncinorhynchus,Undefined
142341,Cheliplana,Undefined
142368,Gyratrix,Undefined
142371,Limipolycystis,Undefined
142382,Scanorhynchus,Undefined
142393,Proschizorhynchus,Undefined
142412,Promesostoma,Undefined
142429,Trisaccopharynx,Undefined
142465,Archiloa,Undefined
142466,Archilopsis,Undefined
142469,Duplominona,Undefined
142474,Monocelis,Undefined
142481,Nematoplana,Undefined
142494,Otoplana,Undefined
142499,Parotoplana,Undefined
142509,Polystyliphora,Undefined
142541,Atriofronta polyvacuola,Undefined
142589,Archaphanostoma macrospiriferum,Undefined
142602,Convoluta convoluta,Undefined
142653,Haplogonaria viridis,Undefined
142656,Haploposthia rubra,Undefined
142659,Kuma viridis,Undefined
142666,Simplicomorpha gigantorhabditis,Undefined
142703,Philocelis karlingi,Undefined
142715,Oligofilomorpha interstitiophilum,Undefined
142743,Paromalostomum fusculum,Undefined
142793,Microstomum lineare,Undefined
142797,Microstomum papillosum,Undefined
142820,Prostheceraeus vittatus,Undefined
143030,Seritia elegans,Undefined
143039,Wahlia macrostylifera,Undefined
143104,Uncinorhynchus flavidus,Undefined
143121,Cheliplana orthocirra,Undefined
143184,Gyratrix hermaphroditus,Undefined
143233,Scanorhynchus forcipatus,Undefined
143239,Psammorhynchus tubulipenis,Undefined
143334,Promesostoma cochleare,Undefined
143367,Adenopharynx mitrabursalis,Undefined
143522,Archiloa rivularis,Undefined
143524,Archilopsis arenaria,Undefined
143543,Duploperaclistus circocirrus,Undefined
143552,Monocelis lineata,Undefined
143571,Nematoplana coelogynoporoides,Undefined
143609,Parotoplana primitiva,Undefined
143661,Acrochaetiaceae,Undefined
143664,Bangiaceae,Undefined
143665,Bonnemaisoniaceae,Undefined
143668,Caulerpaceae,Undefined
143671,Ceramiaceae,Undefined
143672,Dasyaceae,Undefined
143673,Delesseriaceae,Undefined
143674,Rhodomelaceae,Undefined
143675,Chaetophoraceae,Undefined
143678,Chlorocystidaceae,Undefined
143680,Chordariaceae,Undefined
143684,Ralfsiaceae,Undefined
143687,Cladophoraceae,Undefined
143691,Corallinaceae,Undefined
143697,Halymeniaceae,Undefined
143698,Kallymeniaceae,Undefined
143699,Peyssonneliaceae,Undefined
143705,Desmarestiaceae,Undefined
143716,Dictyotaceae,Undefined
143717,Ectocarpaceae,Undefined
143723,Fucaceae,Undefined
143724,Himanthaliaceae,Undefined
143725,Sargassaceae,Undefined
143726,Gelidiaceae,Undefined
143730,Cruoriaceae,Undefined
143733,Gigartinaceae,Undefined
143738,Phyllophoraceae,Undefined
143744,Solieriaceae,Undefined
143748,Gracilariaceae,Undefined
143750,Hildenbrandiaceae,Undefined
143753,Alariaceae,Undefined
143754,Chordaceae,Undefined
143755,Laminariaceae,Undefined
143756,Phyllariaceae,Undefined
143761,Palmariaceae,Undefined
143765,Plocamiaceae,Undefined
143767,Porphyridiaceae,Undefined
143768,Cymodoceaceae,Undefined
143770,Zosteraceae,Undefined
143771,Prasiolaceae,Undefined
143772,Rhodochaetaceae,Undefined
143773,Champiaceae,Undefined
143775,Lomentariaceae,Undefined
143776,Rhodymeniaceae,Undefined
143777,Scytosiphonaceae,Undefined
143782,Sphacelariaceae,Undefined
143786,Syringodermataceae,Undefined
143787,Tetrasporaceae,Undefined
143794,Ulvaceae,Undefined
143795,Ulvellaceae,Undefined
143798,Volvocaceae,Other
143799,Acrochaetium,Undefined
143807,Bangia,Undefined
143808,Porphyra,Undefined
143809,Asparagopsis,Undefined
143810,Bonnemaisonia,Undefined
143816,Caulerpa,Undefined
143833,Centroceras,Undefined
143834,Ceramium,Undefined
143853,Polysiphonia,Undefined
143869,Wrangelia,Undefined
143890,Hypoglossum,Undefined
143891,Membranoptera,Undefined
143895,Phycodrys,Undefined
143903,Boergeseniella,Undefined
143906,Chondria,Undefined
143914,Laurencia,Undefined
143921,Osmundea,Undefined
143923,Rhodomela,Undefined
143942,Ulvella,Undefined
143943,Uronema,Other
143947,Coccomyxa,Undefined
143969,Halothrix,Undefined
143980,Myrionema,Undefined
143995,Chaetomorpha,Undefined
143996,Cladophora,Undefined
144001,Ostreobium,Undefined
144003,Amphiroa,Undefined
144011,Hydrolithon,Undefined
144020,Mesophyllum,Undefined
144025,Spongites,Undefined
144044,Grateloupia,Undefined
144051,Peyssonnelia,Undefined
144061,Desmarestia,Undefined
144085,Dictyopteris,Undefined
144086,Dictyota,Undefined
144088,Padina,Undefined
144099,Ectocarpus,Undefined
144120,Erythrocladia,Undefined
144125,Bifurcaria,Undefined
144129,Fucus,Undefined
144131,Himanthalia,Undefined
144132,Sargassum,Undefined
144188,Gracilaria,Undefined
144191,Hildenbrandia,Undefined
144193,Stichococcus,Undefined
144196,Undaria,Undefined
144217,Palmaria,Undefined
144223,Plocamium,Undefined
144228,Rhodella,Undefined
144233,Zostera,Undefined
144236,Rhodochaete,Undefined
144237,Champia,Undefined
144238,Chylocladia,Undefined
144239,Gastroclonium,Undefined
144245,Lomentaria,Undefined
144271,Cladostephus,Undefined
144272,Sphacelaria,Undefined
144293,Blidingia,Undefined
144296,Ulva,Undefined
144299,Ochlochaete,Undefined
144438,Asparagopsis armata,Undefined
144439,Asparagopsis taxiformis,Undefined
144457,Bryopsis plumosa,Undefined
144472,Caulerpa racemosa,Undefined
144474,Caulerpa sertularioides,Undefined
144531,Centroceras clavulatum,Undefined
144561,Ceramium rubrum,Undefined
144664,Polysiphonia scopulorum,Undefined
144732,Heterosiphonia plumosa,Undefined
144743,Cryptopleura ramosa,Undefined
144805,Chondria scintillans,Undefined
144842,Osmundea hybrida,Undefined
144848,Osmundea ramosissima,Undefined
144854,Rhodomela confervoides,Undefined
145027,Chaetomorpha linum,Undefined
145070,Cladophora vagabunda,Undefined
145099,Amphiroa fragilissima,Undefined
145108,Corallina officinalis,Undefined
145274,Peyssonnelia atropurpurea,Undefined
145367,Dictyota dichotoma,Undefined
145410,Ectocarpus siliculosus,Undefined
145503,Bifurcaria bifurcata,Undefined
145542,Fucus ceranoides,Undefined
145551,Himanthalia elongata,Undefined
145700,Gracilaria gracilis,Undefined
145712,Hildenbrandia rubra,Undefined
145715,Stichococcus bacillaris,Undefined
145735,Saccorhiza polyschides,Undefined
145771,Palmaria palmata,Undefined
145778,Phaeophila dendroides,Undefined
145794,Posidonia oceanica,Undefined
145808,Chylocladia verticillata,Undefined
145810,Gastroclonium ovatum,Undefined
145990,Ulva rigida,Undefined
146142,Bryozoa,Meroplankton
146161,Rhynchomonas,Undefined
146165,Hemistasia,Undefined
146166,Hemistasia phaeocysticola,Undefined
146174,Diplonema,Undefined
146178,Rhynchopus,Undefined
146181,Diplonema ambulator,Undefined
146199,Syracosphaeraceae,Undefined
146200,Noelaerhabdaceae,Undefined
146201,Isochrysidaceae,Undefined
146213,Syndiniales,Undefined
146216,Ulvophyceae,Undefined
146217,Charophyceae,Undefined
146218,Pedinomonadaceae,Undefined
146219,Pedinomonadales,Undefined
146230,Chrysophyceae,Other
146232,Dictyochophyceae,Other
146249,Ptychodiscaceae,Undefined
146252,Kofoidiniaceae,Undefined
146255,Oxyrrhinaceae,Undefined
146271,Myxozoa,Undefined
146281,Porterinema,Undefined
146282,Porterinema fluviatile,Undefined
146314,Bonnemaisoniales,Undefined
146315,Gelidiales,Undefined
146317,Plocamiales,Undefined
146346,Neosiphonia,Undefined
146514,Dajidae,Undefined
146537,Cyanobacteria,Other
146538,Lyngbya,Other
146540,Microcoleus,Undefined
146541,Spirulina,Other
146543,Chroococcales,Other
146544,Chroococcaceae,Undefined
146545,Merismopedia,Other
146547,Nostocales,Undefined
146548,Oscillatoriaceae,Undefined
146549,Oscillatoria,Other
146551,Planktothrix,Other
146552,Planktothrix agardhii,Other
146556,Microcystaceae,Undefined
146557,Microcystis,Other
146558,Microcystis aeruginosa,Other
146562,Aphanocapsa,Other
146579,Dactylococcopsis,Undefined
146582,Pleurocapsa,Undefined
146584,Nostocaceae,Undefined
146585,Anabaena,Other
146596,Trochiscia,Undefined
146602,Gloeocapsa,Other
146603,Oscillatoriales,Other
146605,Entophysalidaceae,Undefined
146606,Pseudanabaenaceae,Other
146608,Merismopediaceae,Undefined
146612,Hyellaceae,Undefined
146622,Plectonema,Undefined
146623,Rivularia,Undefined
146624,Calothrix,Other
146627,Hyella,Undefined
146629,Xenococcus,Undefined
146636,Plectonema terebrans,Undefined
146639,Myxosarcina,Undefined
146651,Rivulariaceae,Undefined
146664,Dermocarpellaceae,Undefined
146665,Xenococcaceae,Undefined
146690,Phormidium,Undefined
146712,Pleurocapsales,Undefined
146873,Cyprididae,Undefined
146900,Crassostrea angulata,Undefined
146952,Tellimya ferruginosa,Undefined
146959,Gracilariopsis,Undefined
146994,Leptolyngbya,Undefined
146996,Leptostraca,Undefined
147010,Mastigocoleus,Undefined
147016,Microchaete,Undefined
147029,Nebaliidae,Undefined
147031,Nebalia,Undefined
147106,Acinetosporaceae,Undefined
147128,Hubrechtella juliae,Undefined
147157,Stanieria,Undefined
147183,Tolypothrix,Undefined
147240,Tubulanus pellucidus,Undefined
147481,Bryopsida,Undefined
147687,Eccrinaceae,Undefined
147688,Palavasciaceae,Undefined
147806,Laqueidae,Undefined
148360,Daphniidae,Undefined
148370,Daphnia,Holoplankton
148372,Daphnia magna,Undefined
148376,Ceriodaphnia,Undefined
148391,Notostraca,Undefined
148665,Asellidae,Undefined
148667,Asellus aquaticus,Undefined
148898,Bacillariophyta,Other
148899,Bacillariophyceae,Other
148900,Coscinodiscophyceae,Other
148903,Thalassiosirales,Other
148904,Thalassiosiraceae,Other
148905,Cyclotella,Other
148909,Cyclotella meneghiniana,Other
148911,Cyclotella striata,Other
148912,Thalassiosira,Other
148915,Coscinodiscales,Other
148916,Coscinodiscaceae,Other
148917,Coscinodiscus,Other
148922,Thalassiosira eccentrica,Other
148929,Thalassiosira nodulolineata,Other
148934,Thalassiosira pseudonana,Other
148942,Thalassiosira rotula,Other
148943,Hemidiscaceae,Other
148944,Actinocyclus,Other
148946,Heliopeltaceae,Other
148947,Actinoptychus,Other
148950,Fragilariophyceae,Undefined
148951,Fragilariales,Undefined
148952,Fragilariaceae,Other
148959,Aulacoseira,Other
148962,Eupodiscaceae,Undefined
148963,Odontella,Other
148965,Biddulphiales,Other
148966,Biddulphiaceae,Other
148967,Biddulphia,Other
148980,Porosira,Other
148981,Minidiscus,Other
148983,Chaetocerotales,Undefined
148984,Chaetocerotaceae,Other
148985,Chaetoceros,Other
148988,Cocconeidaceae,Undefined
148989,Cocconeis,Other
148994,Stephanodiscaceae,Other
148998,Cyclotella cryptica,Other
149001,Bacillariales,Other
149002,Bacillariaceae,Other
149003,Cylindrotheca,Other
149004,Cylindrotheca closterium,Other
149005,Surirellales,Undefined
149006,Surirellaceae,Other
149009,Cymatosirales,Other
149010,Cymatosiraceae,Other
149011,Cymatosira,Other
149012,Cymatosira belgica,Other
149015,Naviculales,Other
149018,Diploneis,Other
149021,Lithodesmiaceae,Other
149022,Ditylum,Other
149023,Ditylum brightwellii,Other
149031,Naviculaceae,Other
149032,Pleurosigmataceae,Other
149036,Leptocylindrales,Undefined
149037,Leptocylindraceae,Other
149038,Leptocylindrus,Other
149039,Leptocylindrus minimus,Other
149040,Melosirales,Undefined
149041,Melosiraceae,Other
149042,Melosira,Other
149045,Nitzschia,Other
149048,Triceratiales,Other
149049,Triceratiaceae,Other
149050,Odontella aurita,Other
149052,Paraliales,Undefined
149053,Paraliaceae,Undefined
149054,Paralia,Other
149055,Paralia sulcata,Other
149058,Hyalodiscaceae,Other
149061,Hyalodiscus,Other
149063,Rhaponeidales,Undefined
149064,Rhaphoneidaceae,Undefined
149065,Rhaphoneis,Other
149067,Rhizosoleniales,Undefined
149068,Rhizosoleniaceae,Other
149069,Rhizosolenia,Other
149073,Skeletonema,Other
149074,Skeletonema costatum,Other
149075,Skeletonema subsalsum,Other
149076,Stauroneidaceae,Undefined
149077,Stauroneis,Other
149091,Thalassionemataceae,Other
149092,Thalassionema,Other
149099,Thalassiosira antarctica,Other
149106,Leptocylindrus danicus,Other
149107,Corethrales,Undefined
149109,Corethron,Other
149111,Guinardia,Other
149112,Guinardia delicatula,Other
149113,Guinardia striata,Other
149115,Rhizosolenia setigera,Other
149116,Rhizosolenia imbricata,Other
149122,Chaetoceros didymus,Other
149126,Chaetoceros decipiens,Other
149130,Eucampia,Other
149132,Guinardia flaccida,Other
149133,Lauderiaceae,Undefined
149134,Lauderia,Other
149135,Lauderia annulata,Other
149136,Brockmanniella,Other
149137,Brockmanniella brockmannii,Other
149138,Asterionellopsis,Other
149139,Asterionellopsis glacialis,Other
149142,Navicula,Other
149144,Meuniera,Other
149145,Meuniera membranacea,Other
149150,Nitzschia longissima,Other
149151,Pseudo-nitzschia,Other
149158,Coscinodiscus radiatus,Other
149165,Rhizosolenia shrubsolei,Other
149167,Proboscia,Other
149175,Striatellaceae,Undefined
149176,Striatella,Other
149177,Striatella unipunctata,Other
149179,Delphineis,Other
149181,Pleurosigma,Other
149190,Achnanthaceae,Other
149191,Achnanthes,Other
149198,Thalassiophysales,Undefined
149199,Catenulaceae,Undefined
149200,Amphora,Other
149208,Pinnularia,Other
149210,Haslea,Other
149211,Haslea ostrearia,Other
149216,Psammodictyon,Other
149219,Chaetoceros debilis,Other
149233,Lauderia borealis,Other
149234,Hemiaulales,Other
149235,Hemiaulaceae,Undefined
149236,Cerataulina,Other
149241,Chaetoceros affinis,Other
149254,Stephanopyxidaceae,Undefined
149271,Coscinodiscus granii,Other
149291,Chaetoceros brevis,Other
149309,Dactyliosolen,Other
149311,Rhizosolenia robusta,Other
149313,Fragilariopsis,Other
149321,Lithodesmium,Other
149322,Lithodesmium undulatum,Other
149341,Licmophoraceae,Undefined
149342,Licmophora,Other
149344,Licmophora paradoxa,Undefined
149353,Plagiogrammaceae,Undefined
149378,Cocconeis molesta,Undefined
149389,Cymbellales,Undefined
149400,Eunotiales,Undefined
149485,Scoliotropidaceae,Undefined
149552,Gomphonemataceae,Other
149619,Cerataulina pelagica,Other
149620,Licmophorales,Undefined
149630,Stephanopyxis,Other
149631,Stephanopyxis turris,Other
149652,Stellarima,Undefined
149655,Biddulphia alternans,Other
149668,Mysida,Holoplankton
149688,Diaptomidae,Undefined
149689,Eudiaptomus,Undefined
149741,Calocalanidae,Undefined
149781,Eucyclops,Undefined
149782,Cyclops,Holoplankton
149787,Eucyclops serrulatus,Undefined
149909,Bryocamptus,Undefined
149930,Cancrincolidae,Undefined
150048,Cancrincola,Undefined
150201,Codonellidae,Undefined
150206,Metacylididae,Undefined
150319,Mesostigmata,Undefined
150436,Erythraeidae,Undefined
150467,Araneae,Undefined
150471,Lycosidae,Undefined
150716,Curculionidae,Undefined
150728,Tenebrionidae,Undefined
150932,Limoniidae,Undefined
150965,Phoridae,Undefined
151152,Pterygota,Undefined
151155,Hymenoptera,Undefined
151568,Lepidopleuridae,Undefined
151626,Peringia,Undefined
151628,Peringia ulvae,Undefined
151708,Hydridae,Undefined
151718,Podocoryna carnea,Undefined
152391,Nemertea,Meroplankton
152774,Lepidochitona cinerea,Undefined
153020,Monia,Undefined
153169,Cephalobidae,Undefined
153172,Diploscapter,Undefined
153179,Aphelenchoididae,Undefined
153207,Calomicrolaimus,Undefined
153234,Truttaedacnitis truttae,Undefined
153394,Panagrolaimidae,Undefined
153491,Alismatales,Undefined
153726,Paludicellidae,Undefined
153727,Paludicella,Undefined
154527,Barentsiidae,Undefined
154535,Polystyliphora karlingi,Undefined
154923,Amphicorina,Undefined
155065,Gallorhynchus,Undefined
155083,Poeobiidae,Undefined
155089,Dinophilidae,Undefined
155560,Diplopsalopsis bomba,Other
155632,Acholadidae,Undefined
155670,Diplostraca,Undefined
155957,Halocyprida,Undefined
156513,Alexandrium fundyense,Undefined
156617,Chaetoceros lorenzianus,Other
156655,Haminoea solitaria,Undefined
156692,Nodularia,Other
156870,Mulinia lateralis,Undefined
156884,Dreissenidae,Undefined
156961,Petricolaria pholadiformis,Undefined
156967,Rhacostoma atlanticum,Undefined
157050,Mastogloiales,Undefined
157052,Mastogloia,Other
157077,Sellaphoraceae,Undefined
157078,Sellaphora,Undefined
157081,Thalassiothrix,Other
157128,Chaetopeltidaceae,Undefined
157166,Amphitrite ornata,Undefined
157186,Pylaiella,Undefined
157188,Pylaiella littoralis,Undefined
157215,Arenicola brasiliensis,Undefined
157237,Ochromonadales,Undefined
157239,Dinobryaceae,Undefined
157240,Dinobryon,Other
157256,Dictyochales,Other
157258,Dictyocha,Other
157261,Bangia fuscopurpurea,Undefined
157376,Euclymene oerstedi,Undefined
157440,Helicotheca tamesis,Other
157442,Endictyaceae,Undefined
157445,Endictya oceanica,Undefined
157453,Urosolenia,Undefined
157466,Sarcinochrysidales,Undefined
157664,Acartia hudsonica,Undefined
157680,Pseudodiaptomus,Holoplankton
157683,Tortanus,Undefined
158303,Otocelis sandara,Undefined
158474,Stylochus zebra,Undefined
158484,Saccoglossus bromophenolosus,Undefined
158503,Ophiothrix angulata,Undefined
159923,Phascolopsis,Undefined
160002,Arhynchobdellida,Undefined
160252,Trichoptera,Undefined
160269,Gerris,Undefined
160326,Unionida,Undefined
160333,Unionidae,Undefined
160343,Lymnaeidae,Undefined
160518,Attheyaceae,Undefined
160519,Attheya,Other
160525,Anaulales,Undefined
160527,Eunotogramma,Other
160531,Rhizosolenia similoides,Other
160541,Scenedesmaceae,Other
160546,Chromulinaceae,Undefined
160560,Hydrodictyaceae,Undefined
160563,Prymnesium,Other
160564,Prymnesium parvum,Other
160567,Aphanizomenon,Other
160570,Synechococcaceae,Undefined
160572,Synechococcus,Other
160573,Trebouxiophyceae,Undefined
160574,Chlorellales,Undefined
160575,Chlorellaceae,Other
160576,Chlorella,Other
160581,Raphidophyceae,Other
160582,Chattonellales,Other
160583,Chattonellaceae,Other
160584,Heterosigma,Other
160585,Heterosigma akashiwo,Other
160589,Oocystaceae,Undefined
160590,Monoraphidium,Other
160592,Monoraphidium convolutum,Other
160595,Pterosperma,Other
160597,Pedinellales,Other
160599,Pseudopedinella,Other
162250,Asterolamprales,Undefined
162251,Asterolampraceae,Other
162254,Asteromphalus,Other
162289,Oerstediidae,Undefined
162321,Plectonemertidae,Undefined
162403,Zoothamnium,Undefined
162563,Gordioida,Undefined
162592,Halymeniales,Undefined
162630,Prostoma,Undefined
162693,Zygnematales,Undefined
162724,Desmidiaceae,Other
162725,Closterium,Other
162734,Phacotaceae,Undefined
162748,Pyrodinium,Undefined
162774,Erythrotrichiaceae,Undefined
162923,Bacterosira,Undefined
162949,Aplanochytrium,Undefined
162961,Thraustochytrium aureum,Undefined
162964,Thraustochytrium multirudimentale,Undefined
162985,Apostomatida,Undefined
162988,Nassulida,Undefined
162989,Synhymeniida,Undefined
162991,Oligohymenophorea,Undefined
163011,Astomatida,Undefined
163013,Chaetoceros calcitrans,Other
163017,Odontostomatida,Undefined
163057,Haptorida,Other
163060,Pleurostomatida,Undefined
163084,Axinellida,Undefined
163094,Imantonia,Undefined
163103,Ourococcus,Undefined
163112,Chaetoceros radicans,Other
163156,Miliolida,Undefined
163158,Rotaliida,Undefined
163159,Textulariida,Undefined
163165,Pleuronematidae,Undefined
163171,Vaginicolidae,Undefined
163172,Vorticellidae,Undefined
163174,Spathidiidae,Undefined
163176,Amphileptidae,Undefined
163181,Colepidae,Undefined
163247,Trachelomonas,Other
163265,Notosolenus,Undefined
163321,Pleurosira,Undefined
163325,Ralfsiales,Undefined
163339,Phacus,Other
163344,Pseudosolenia calcar-avis,Other
163390,Skeletonema potamos,Other
163394,Stellarima microtrias,Undefined
163478,Micractinium,Other
163489,Ankistrodesmus,Other
163490,Ankistrodesmus falcatus,Other
163516,Chlamydodontidae,Undefined
163530,Achnanthidiaceae,Undefined
163531,Achnanthidium,Undefined
163542,Chlamydodon,Undefined
163556,Pleuronema,Undefined
163558,Cyclidium,Undefined
163573,Vorticella,Other
163576,Zoothamnium alternans,Undefined
163583,Epistylis,Undefined
163603,Prorodon,Undefined
163609,Coleps,Undefined
163617,Didiniidae,Undefined
163680,Lyrellales,Undefined
163759,Epalxellidae,Undefined
163780,Tintinnopsis,Other
163831,Catacombas,Undefined
163862,Protoperidinium claudicans,Other
163888,Euglena agilis,Undefined
163968,Nannochloris,Undefined
164020,Protostomatida,Undefined
164114,Labyrinthuloides,Undefined
164126,Trichodinidae,Undefined
164811,Demospongiae,Undefined
164886,Dictyodendrillidae,Undefined
166273,Dactylia varia,Undefined
166654,Amphimedon,Undefined
166710,Dasychalina,Undefined
166713,Dasychalina melior,Undefined
168324,Sigmaxinella,Undefined
169120,Desmapsamma,Undefined
169676,Ianthellidae,Undefined
170417,Clionaidae,Undefined
170485,Cliona varians,Undefined
170525,Spheciospongia,Undefined
170566,Spheciospongia vesparium,Undefined
170700,Diplastrella megastellata,Undefined
170779,Protosuberites,Undefined
172137,Plasmodiophora,Undefined
172144,Phagomyxa,Undefined
172178,Japonochytrium,Undefined
172286,Acinetidae,Undefined
172288,Ephelotidae,Undefined
172309,Condylostomatidae,Undefined
172316,Condylostoma,Undefined
172321,Peritromus,Other
172323,Peritromus faurei,Undefined
172324,Paranassula,Undefined
172326,Foettingeriidae,Undefined
172362,Ephelota,Undefined
172363,Ephelota gemmipara,Undefined
172365,Acineta,Undefined
172418,Fragilariopsis cylindrus,Other
172429,Xystonellidae,Undefined
172431,Favella,Other
172434,Helicostomella,Other
172644,Luticola,Undefined
172813,Pterospermataceae,Other
172999,Abarenicola affinis,Undefined
173057,Telepsavus,Undefined
173457,Oxydromus,Undefined
174474,Stegella,Undefined
174733,Amphogona apicata,Undefined
175560,Petrodictyon gemma,Other
175581,Phaeodactylaceae,Undefined
175582,Phaeodactylum,Undefined
175584,Phaeodactylum tricornutum,Other
177380,Labyrinthuloides minuta,Undefined
177482,Synechocystis,Other
177506,Limnothrix,Other
177531,Lumbriculida,Undefined
177588,Pseudanabaena,Other
177604,Trichodesmium,Other
177735,Acanthogorgia aspera,Undefined
178375,Siphonodictyon,Undefined
178464,Microcoleus vaginatus,Undefined
178510,Symploca,Undefined
178544,Kinetoplastida,Undefined
178583,Chlamydomonas,Other
178593,Synuraceae,Undefined
178594,Synura,Other
178596,Rhizochromulinales,Undefined
178597,Coccolithaceae,Other
178599,Rhizochromulina,Undefined
178601,Rhizochromulina marina,Undefined
178611,Oocystis,Other
178627,Florenciella,Undefined
178677,Dysteriidae,Undefined
178688,Dysteria,Undefined
178694,Blepharisma,Undefined
178780,Holostichidae,Undefined
178825,Stenosemella,Other
178828,Collozoum,Undefined
178830,Collozoum inerme,Undefined
178852,Nucleariidae,Undefined
178911,Lasaea adansoni,Undefined
178915,Ceramium virgatum,Undefined
178973,Chlamydomonadaceae,Undefined
179048,Charales,Undefined
179049,Characeae,Undefined
179261,Frontoniidae,Undefined
179268,Discotricha,Undefined
179270,Discotricha papillifera,Undefined
179274,Euplotidae,Undefined
179287,Geleiidae,Undefined
179292,Tracheloraphis,Undefined
179304,Aspidiscidae,Undefined
179320,Mesodinium,Other
179324,Aspidisca,Undefined
179326,Euplotes,Undefined
179328,Diophrys,Undefined
179332,Holosticha,Undefined
179786,Dactyliosolen blavyanus,Other
180422,Minidiscus trioculatus,Undefined
181565,Dreissena,Undefined
181566,Dreissena polymorpha,Undefined
181580,Corbicula fluminea,Undefined
182697,Bithyniidae,Undefined
182698,Bithynia,Undefined
182702,Trombidiformes,Undefined
182712,Phylactolaemata,Undefined
182728,Seirospora seirosperma,Undefined
182757,Magnoliopsida,Undefined
183358,Polydora giardi,Undefined
183533,Tintinnidae,Other
183543,Eutintinnus,Other
183545,Steenstrupiella,Undefined
183566,Salpingella,Other
183568,Eutintinnus perminutus,Undefined
183574,Xystonella,Other
183576,Rhabdonella,Undefined
195949,Erinaceusyllis,Undefined
195952,Erinaceusyllis cryptica,Undefined
196095,Acroporidae,Undefined
196105,Poritidae,Undefined
196191,Chamaesiphonaceae,Undefined
196200,Zingiberales,Undefined
196206,Codonellopsidae,Undefined
196217,Caryophyllales,Undefined
196245,Scytonemataceae,Undefined
196253,Convolvulaceae,Undefined
196290,Actinocyclidae,Undefined
196327,Plicatulidae,Undefined
196347,Actinocyclus,Undefined
196832,Zoothamnium pelagicum,Other
204006,Hyotissa,Undefined
204037,Tectarius,Undefined
204111,Lopha,Undefined
204120,Nikoides,Undefined
204228,Chamaesiphon,Undefined
204437,Plicatula,Undefined
204788,Asaphis,Undefined
204859,Fragum,Undefined
205141,Halodule,Undefined
205469,Acropora,Undefined
205955,Pseudostomatella,Undefined
206190,Ptychodera,Undefined
206253,Scytonema,Undefined
206348,Placuna,Undefined
206463,Oratosquilla,Undefined
206485,Porites,Undefined
206594,Junceella,Undefined
206747,Operculina,Undefined
207023,Acropora millepora,Undefined
207675,Tridacna maxima,Undefined
207899,Pinctada margaritifera,Undefined
208447,Pteria loveni,Undefined
208448,Pteria penguin,Undefined
208924,Halodule uninervis,Undefined
209945,Spirobranchus latiscapus,Undefined
210060,Janua pagenstecheri,Undefined
211166,Nikoides danae,Undefined
211549,Gracilaria salicornia,Undefined
211665,Lyngbya confervoides,Undefined
211848,Calocalanus plumulosus,Undefined
213509,Asaphis deflorata,Undefined
213926,Spongites yendoi,Undefined
214176,Claudea elegans,Undefined
214216,Herposiphonia parca,Undefined
216498,Donax cuneatus,Undefined
216533,Petricola lapicida,Undefined
216638,Lopha cristagalli,Undefined
216714,Clypeomorus brevis,Undefined
216719,Planaxis sulcatus,Undefined
220898,Temora discaudata,Undefined
220916,Candacia truncata,Undefined
221243,Solmissus marshalli,Undefined
227138,Diplogasteridae,Undefined
227140,Brevibuccidae,Undefined
227271,Plectus,Undefined
228785,Diplolaimelloides meyli,Undefined
231678,Oceaniidae,Undefined
231698,Araeolaimida,Undefined
231748,Ruditapes,Undefined
231749,Ruditapes decussatus,Undefined
231750,Ruditapes philippinarum,Undefined
231751,Halecium halecinum,Undefined
231787,Akashiwo,Other
231789,Karlodinium,Other
231790,Lepidodinium,Other
231792,Takayama,Undefined
231793,Erythropsidinium,Other
231794,Proterythropsis,Undefined
231796,Amphidomataceae,Other
231798,Gambierdiscus,Other
231799,Lingulodinium,Other
231800,Heterocapsaceae,Undefined
231802,Bysmatrum,Other
231805,Gotoius,Undefined
231813,Suessiaceae,Undefined
231814,Thoracosphaerales,Undefined
231840,Abedinium,Undefined
231846,Diplopsaliaceae,Undefined
232070,Mobilida,Undefined
232230,Lomentaria hakodatensis,Undefined
232245,Polarella,Undefined
232248,Polarella glacialis,Undefined
232530,Sinophysis grandis,Undefined
232546,Akashiwo sanguinea,Other
232602,Amphidinium mootonorum,Undefined
232716,Gymnodinium aureolum,Other
232737,Balechina coerulea,Undefined
232785,Gymnodinium impudicum,Other
232813,Gymnodinium microreticulatum,Undefined
232861,Protoperidinium thulesense,Other
232953,Gyrodinium heterogrammum,Undefined
233024,Karenia mikimotoi,Other
233037,Karlodinium veneficum,Other
233123,Protoperidinium monovelum,Undefined
233177,Abedinium dasypus,Undefined
233357,Protoperidinium elegans,Other
233377,Gambierdiscus australes,Undefined
233386,Goniodoma polyedricum,Other
233443,Alexandrium insuetum,Undefined
233447,Alexandrium margalefii,Other
233450,Alexandrium lusitanicum,Undefined
233510,Gonyaulax cochlea,Undefined
233521,Protoperidinium americanum,Undefined
233556,Protoperidinium abei,Undefined
233667,Gotoius excentricus,Undefined
233759,Fibrocapsa,Other
233761,Fibrocapsa japonica,Other
233776,Chattonella,Other
233780,Chattonella marina,Undefined
233810,Bysmatrum caponii,Undefined
233820,Pentapharsodinium tyrrhenicum,Undefined
233845,Amphidiniella sedentaria,Undefined
233983,Myzostomida,Undefined
234023,Cercopagididae,Undefined
234024,Cercopagis,Undefined
234035,Poales,Undefined
234036,Poaceae,Undefined
234044,Asterales,Undefined
234045,Asteraceae,Undefined
234062,Diaphanosoma,Undefined
234099,Pectinaria koreni,Undefined
234482,Saccharina,Undefined
234487,Pteridaceae,Undefined
234498,Lamiales,Undefined
234499,Malvales,Undefined
234500,Myrtales,Undefined
234502,Sapindales,Undefined
234848,Alitta,Undefined
234850,Alitta succinea,Undefined
235071,Myrtaceae,Undefined
235154,Lingulata,Undefined
235155,Lingulida,Undefined
235201,Thecidellinidae,Undefined
235362,Lingula anatina,Undefined
235737,Sticholonchida,Undefined
235738,Sticholonche,Undefined
235741,Nassellaria,Undefined
235744,Plagoniidae,Undefined
235745,Lithomelissa,Undefined
235747,Acantharea,Other
235748,Acanthometridae,Undefined
235749,Acanthometra,Undefined
235773,Zoothamniidae,Undefined
235812,Ephemeroptera,Undefined
235814,Ephemeridae,Undefined
235815,Ephemera,Undefined
235816,Ephemera danica,Undefined
235817,Pallasea,Undefined
235913,Algirosphaera robusta,Other
235934,Coronosphaera,Other
235944,Coronosphaera mediterranea,Undefined
236132,Adipicola,Undefined
236217,Euphausia superba,Undefined
237586,Phoronis ijimai,Undefined
238371,Corbicula,Undefined
239094,Calothrix parietina,Undefined
240633,Glycinde armigera,Undefined
240747,Strongylocentrotus purpuratus,Undefined
240752,Nereocystis luetkeana,Undefined
240984,Microdorvillea,Undefined
240998,Protodrilus submersus,Undefined
242196,Euryalida,Undefined
244975,Ophiothrix caespitosa,Undefined
245258,Ophiothrix oerstedii,Undefined
246590,Chattonella subsalsa,Undefined
246591,Chrysochromulina leadbeateri,Undefined
246596,Pfiesteriaceae,Undefined
246597,Pfiesteria,Undefined
246598,Pfiesteria piscicida,Other
246606,Pseudo-nitzschia fraudulenta,Other
246828,Vacuolariaceae,Undefined
246835,Alexandrium andersonii,Other
246870,Bonamia,Undefined
247016,Sinelobus,Undefined
247790,Macrodasyida,Undefined
247836,Chaetonotida,Undefined
247913,Tiarina,Other
247915,Tintinnidium,Other
247944,Tintinnidium mucicola,Other
247966,Philodina roseola,Undefined
247991,Cyclops insignis,Undefined
248058,Eucampia cornuta,Other
248089,Podocystis,Undefined
248096,Apedinella,Other
248097,Apedinella radians,Other
248099,Aphanizomenon flos-aquae,Other
248103,Botryococcus,Other
248104,Botryococcus braunii,Other
248107,Chromulinales,Undefined
248118,Durinskia baltica,Other
248124,Isochrysis,Undefined
248136,Zygnemataceae,Undefined
248148,Pedinella,Other
248149,Pseudopedinella elastica,Other
248164,Schroederia,Undefined
248171,Tetraselmis cordiformis,Other
248172,Uroglena,Other
248192,Chondrilla caribensis,Undefined
249679,Rhizogeton nudus,Undefined
249689,Chromulina,Other
249706,Colacium,Undefined
249711,Desmodesmus,Other
249721,Mallomonas,Other
249722,Mallomonas akrokomos,Other
249725,Ochromonas,Other
249729,Pavlovales,Undefined
249730,Pavlovaceae,Undefined
249731,Pavlova,Other
254302,Barantolla,Undefined
254449,Carchesium,Undefined
254456,Gattyana ciliata,Undefined
254726,Axiothella rubrocincta,Undefined
255181,Urechidae,Undefined
255200,Athelges takanoshimensis,Undefined
264220,Cephalodiscidae,Undefined
264883,Neogosseidae,Undefined
264946,Urechis,Undefined
264971,Coeloplana,Undefined
265044,Staurozoa,Undefined
265072,Echinoderes lanceolatus,Undefined
265191,Pleurobrachia bachei,Undefined
265625,Austrognathia christianae,Undefined
266489,Phascolion strombus,Undefined
266553,Harrimania planktophilus,Undefined
266565,Saccoglossus pusillus,Undefined
266603,Phascolopsis gouldii,Undefined
266708,Aidanosagitta neglecta,Undefined
266945,Sphenopidae,Undefined
266989,Chirodropida,Undefined
267495,Hydrocoryne,Undefined
283820,Pachycerianthus fimbriatus,Undefined
283834,Corynactis australis,Undefined
283864,Epizoanthus scotinus,Undefined
284633,Eucheilota bakeri,Undefined
285299,Plumularia strictocarpa,Undefined
285399,Amphisbetia minima,Undefined
285556,Sertularella sanmatiasensis,Undefined
287209,Chrysaora melanaster,Undefined
288889,Porites astreoides,Undefined
290157,Hydra vulgaris,Undefined
291412,Calcidiscaceae,Undefined
291416,Paraphysomonadaceae,Undefined
291417,Paraphysomonas,Other
292892,Litostomatea,Undefined
292893,Cyclotrichiida,Other
292894,Mesodiniidae,Undefined
292895,Myrionecta,Undefined
292896,Myrionecta rubra,Other
292897,Askenasia,Other
293084,Dactylopusiidae,Undefined
293140,Tigriopus californicus,Undefined
325227,Amphisamytha,Undefined
325239,Neosabellaria,Undefined
325284,Paraeupolymnia,Undefined
325345,Pteropoda,Other
325417,Seirococcaceae,Undefined
330200,Ophryotrocha diadema,Undefined
330284,Paraeupolymnia uspiana,Undefined
330923,Polydora haswelli,Undefined
331410,Pseudopolydora achaeta,Undefined
331699,Schizobranchia insignis,Undefined
331907,Serpula vittata,Undefined
332504,Terebellides californica,Undefined
332560,Thelepus crispus,Undefined
332947,Amphisamytha bioculata,Undefined
333048,Armandia brevis,Undefined
333121,Boccardiella hamata,Undefined
333456,Exogone verugera,Undefined
333645,Hydroides sanctaecrucis,Undefined
333843,Lipobranchius jeffreysii,Undefined
334041,Mooreonuphis stigmatis,Undefined
334129,Neosabellaria cementarium,Undefined
334241,Notomastus tenuis,Undefined
334273,Onuphis elegans,Undefined
334421,Pectinaria gouldii,Undefined
341284,Chaenea,Undefined
341288,Chlamydonella,Undefined
341289,Lynchellidae,Undefined
341292,Philasterida,Undefined
341297,Euplotida,Undefined
341301,Didinium,Other
341302,Folliculina,Undefined
341305,Geminigera,Undefined
341306,Phyllopharyngea,Undefined
341307,Chlamydodontida,Undefined
341310,Heterophryidae,Undefined
341311,Heterophrys,Undefined
341312,Stentoridae,Undefined
341315,Litonotidae,Undefined
341320,Urostylida,Undefined
341321,Urostylidae,Undefined
341326,Exogenida,Undefined
341331,Pleuronematida,Undefined
341336,Parmales,Undefined
341339,Rotosphaerida,Undefined
341344,Philasteridae,Undefined
341345,Porpostoma,Undefined
341349,Pseudocohnilembus,Undefined
341352,Pteridomonas,Undefined
341353,Choreotrichida,Other
341355,Triparmaceae,Undefined
341363,Uronychiidae,Undefined
341364,Uronychia,Undefined
341381,Eucampia antarctica,Undefined
341585,Phaeocystis antarctica,Undefined
341600,Paraphysomonas butcheri,Undefined
341605,Paraphysomonas vestita,Undefined
341616,Geminigera cryophila,Undefined
341762,Pteridomonas danica,Undefined
342486,Parachela,Undefined
342524,Apochela,Undefined
342526,Echiniscoidea,Undefined
342529,Oreellidae,Undefined
342530,Echiniscidae,Undefined
342537,Milnesiidae,Undefined
342556,Cornechiniscus,Undefined
342562,Echiniscus,Undefined
342574,Hypsibius,Undefined
342779,Cornechiniscus lobatus,Undefined
343069,Hypsibius dujardini,Undefined
345440,Vaginicola,Undefined
345458,Bathycoccus,Undefined
345459,Bathycoccus prasinos,Undefined
345462,Cyanothece,Undefined
345463,Dolichomastix tenuilepis,Undefined
345466,Bolidophyceae,Undefined
345469,Bolidomonas,Undefined
345474,Bolidomonas mediterranea,Undefined
345483,Mediophyceae,Undefined
345487,Eustigmatophyceae,Undefined
345488,Monodopsidaceae,Undefined
345489,Nannochloropsis,Undefined
345493,Oodiniaceae,Other
345494,Oodinium,Undefined
345495,Oodinium pouchetii,Undefined
345496,Ostreococcus,Undefined
345497,Ostreococcus tauri,Undefined
345500,Pelagophyceae,Undefined
345501,Pelagomonadales,Undefined
345503,Pelagomonas,Undefined
345504,Pelagomonas calceolata,Undefined
345507,Pinguiophyceae,Undefined
345508,Pinguiochrysidales,Undefined
345509,Pinguiochrysidaceae,Undefined
345513,Proboscia indica,Other
345514,Synechococcales,Undefined
345515,Prochlorococcus,Undefined
345516,Prochlorococcus marinus,Undefined
345522,Synurophyceae,Undefined
345523,Synurales,Undefined
345549,Thalassiosira oceanica,Undefined
345567,Haliclona curacaoensis,Undefined
345594,Xarifiidae,Undefined
345698,Vasticardium,Undefined
345829,Lithomelissa setosa,Undefined
345835,Spumellaria,Undefined
345847,Actinocyclus curvatulus,Undefined
345859,Stylodictya,Undefined
345869,Phaeogromida,Undefined
345890,Collozoidae,Undefined
345944,Anchimolgidae,Undefined
345947,Archinotodelphyidae,Undefined
345959,Cyclopettidae,Undefined
346217,Calocalanus curtus,Undefined
346315,Cosmocalanus,Undefined
346592,Labidocera euchaeta,Undefined
346981,Clausidium,Undefined
347460,Mecomerinx,Undefined
347678,Paracyclopina,Undefined
348013,Sinocalanus,Undefined
348496,Acartia erythraea,Undefined
349796,Cancrincola plumipes,Undefined
350509,Cyclops kolensis,Undefined
351066,Diosaccus ezoensis,Undefined
352254,Hemicyclops thalassius,Undefined
352305,Herrmannella longicaudata,Undefined
353995,Oithona davisae,Undefined
354171,Paracyclopina nana,Undefined
355152,Pseudodiaptomus euryhalinus,Undefined
355663,Sinocalanus sinensis,Undefined
355984,Tachidius triangularis,Undefined
356169,Tigriopus japonicus,Undefined
356564,Acanthocyclops viridis,Undefined
360352,Pseudodiaptomus marinus,Undefined
360445,Sapphirina darwinii,Undefined
362608,Paraleucilla magna,Undefined
363904,Delius,Undefined
366598,Geitlerinema,Undefined
367250,Carteria,Undefined
367298,Holacanthida,Undefined
367299,Symphyacanthida,Undefined
367300,Chaunacanthida,Undefined
367301,Arthracanthida,Undefined
367309,Collosphaeridae,Undefined
367315,Litheliidae,Undefined
367317,Collosphaera,Undefined
367335,Phyllostauridae,Undefined
367343,Stauraconidae,Undefined
367346,Acanthochiasmidae,Undefined
367359,Phaeosphaerida,Undefined
367363,Phaeocalpida,Undefined
367367,Porospathidae,Undefined
367370,Concharidae,Undefined
367820,Placuna placenta,Undefined
368427,Acanthochiasma,Undefined
368577,Encentrum astridae,Undefined
368663,Viridiplantae,Undefined
368667,Phaeothamniophyceae,Undefined
368668,Bangiophyceae,Undefined
368669,Compsopogonophyceae,Undefined
368670,Florideophyceae,Undefined
368673,Klebsormidiophyceae,Undefined
368674,Chlorarachniophyceae,Undefined
368676,Nephroselmidophyceae,Undefined
368677,Pedinophyceae,Undefined
368680,Chaetopeltidales,Undefined
368683,Florenciellales,Undefined
368684,Lophodiniales,Undefined
368685,Eustigmatales,Undefined
368693,Batrachospermales,Undefined
368694,Nemastomatales,Undefined
368697,Nephroselmidales,Undefined
368703,Scytothamnales,Undefined
368706,Prasinococcales,Undefined
368755,Hapalidiaceae,Undefined
368762,Durvillaeaceae,Undefined
368764,Notheiaceae,Undefined
368781,Ishigeaceae,Undefined
368782,Klebsormidiaceae,Undefined
368875,Nephroselmidaceae,Undefined
368876,Ochromonadaceae,Undefined
368882,Prasinococcaceae,Undefined
368883,Pyramimonadaceae,Undefined
368887,Sarcinochrysidaceae,Undefined
368890,Stylonemataceae,Undefined
368897,Dunaliellaceae,Undefined
369178,Brachionus manjavacas,Undefined
369189,Haptista,Undefined
369190,Haptophyta,Other
369350,Ankylochrysis,Undefined
369377,Aureococcus,Undefined
369404,Bigelowiella,Undefined
369469,Chiharaea,Undefined
369473,Chlorarachnion,Undefined
369492,Ciliophrys,Undefined
369536,Crustomastix,Undefined
369545,Cyclospora,Undefined
369600,Durvillaea,Undefined
369688,Glossomastix,Undefined
369707,Gymnochlora,Undefined
369816,Klebsormidium,Undefined
369855,Lotharella,Undefined
369869,Marsupiomonas,Undefined
369984,Palisada,Undefined
370000,Pedinomonas,Undefined
370001,Pelagococcus,Undefined
370019,Phaeomonas,Undefined
370049,Pinguiochrysis,Undefined
370050,Pinguiococcus,Undefined
370097,Prasinococcus,Undefined
370098,Prasinoderma,Undefined
370136,Pycnococcus,Undefined
370179,Richelia,Undefined
370197,Scherffelia,Other
370216,Silvetia,Undefined
370314,Vacuolaria,Undefined
370441,Licmosphenia,Undefined
371422,Gastroclonium subarticulatum,Undefined
371700,Mazzaella japonica,Undefined
371918,Halothrix ambigua,Undefined
372001,Dictyopteris undulata,Undefined
372003,Dictyota binghamiae,Undefined
372408,Heterosiphonia pulchra,Undefined
372503,Fucus gardneri,Undefined
372603,Melobesia mediocris,Undefined
372741,Chiharaea bodegensis,Undefined
373495,Apophlaea lyallii,Undefined
375678,Nephroselmis olivacea,Undefined
375696,Ankylochrysis lutea,Undefined
375737,Champia gigantea,Undefined
375846,Marsupiomonas pelliculata,Undefined
375874,Phaeomonas parva,Undefined
375880,Prasinococcus capsulatus,Undefined
375881,Prasinoderma coloniale,Undefined
375916,Skeletonema pseudocostatum,Undefined
375951,Tetraselmis striata,Undefined
375953,Scherffelia dubia,Undefined
375958,Ciliophrys infusionum,Other
375971,Pelagococcus subviridis,Undefined
376035,Callithamnion collabens,Undefined
376038,Porolithon castellum,Undefined
376043,Nannochloropsis oceanica,Undefined
376047,Umbraulva amamiensis,Undefined
376073,Pycnococcus provasolii,Undefined
376081,Pterosperma cristatum,Other
376127,Crustomastix stigmatica,Undefined
376147,Chlorarachnion reptans,Undefined
376158,Tetraselmis marina,Undefined
376277,Bigelowiella natans,Undefined
376356,Pinguiococcus pyrenoidosus,Undefined
376357,Glossomastix chrysoplasta,Undefined
376369,Pinguiochrysis pyriformis,Undefined
376490,Richelia intracellularis,Undefined
376683,Nephroselmis astigmatica,Undefined
376838,Plocamium maggsiae,Undefined
376936,Blidingia dawsonii,Undefined
377060,Lotharella vacuolata,Undefined
377084,Saccharina japonica,Undefined
377865,Fabaeformiscandona,Undefined
378207,Lepidodermella squamata,Undefined
379791,Isodiametridae,Undefined
379797,Actinoposthiidae,Undefined
379807,Haplocelis,Undefined
379814,Nemertinoides,Undefined
379819,Polycanthiidae,Undefined
379820,Polycanthus,Undefined
379998,Kuma albiventer,Undefined
380022,Avagina marci,Undefined
380028,Haplocelis dichona,Undefined
380059,Pseudaphanostoma smithrii,Undefined
380393,Thysanoptera,Undefined
380395,Phlaeothripidae,Undefined
381000,Hydrodictyon reticulatum,Undefined
381149,Aegagropila,Undefined
381150,Aegagropila linnaei,Undefined
382003,Chitonida,Undefined
382213,Littorinimorpha,Undefined
382254,Trigoniida,Undefined
382423,Sporobolus,Undefined
382434,Plantaginaceae,Undefined
382436,Brassicales,Undefined
382437,Brassicaceae,Undefined
382464,Polygonaceae,Undefined
382483,Chenopodiaceae,Undefined
384709,Porocephalida,Undefined
385494,Chaetopleuridae,Undefined
385618,Sypharochiton,Undefined
386456,Cryptoplax japonica,Undefined
387333,Polyxenida,Undefined
387397,Trypanosomatidae,Undefined
388059,Loxosomella stomatophora,Undefined
388484,Pedinella squamata,Undefined
389215,Strombidium biarmatum,Undefined
389869,Prosorhynchoides borealis,Undefined
390088,Protaspis grandis,Undefined
390168,Polygordius jouinae,Undefined
390772,Oxytrichidae,Undefined
390891,Symsagittifera,Undefined
390975,Islandinium,Undefined
390977,Cryptoperidiniopsis,Undefined
391508,Azadinium,Other
391548,Terrestricytheridae,Undefined
391549,Terrestricythere,Undefined
391554,Loxomitra,Undefined
391629,Hartmannulidae,Undefined
391846,Epicarchesium,Undefined
391850,Himatismenida,Undefined
391854,Aggregata,Undefined
391857,Haplosporidium,Undefined
391862,Ichthyosporea,Undefined
391865,Chrysoculter,Undefined
391868,Haramonas,Undefined
391924,Cryptosporidiidae,Undefined
391925,Cryptosporidium,Undefined
391967,Pterocorys,Undefined
393172,Nostoc,Other
393201,Acaryochloris,Undefined
393226,Pithites,Undefined
393574,Pseudovorticella,Undefined
393588,Parastrombidinopsis,Undefined
393590,Rhytidocystis,Undefined
393604,Parallelostrombidium,Undefined
394011,Conoidasida,Undefined
394012,Eucoccidiorida,Undefined
394447,Hemicyclops,Undefined
394548,Polydesmida,Undefined
394572,Lithobiomorpha,Undefined
394573,Scutigeromorpha,Undefined
394582,Cryptopidae,Undefined
394869,Eugregarinorida,Undefined
394964,Juncaceae,Undefined
394965,Juncus,Undefined
394974,Carybdeida,Undefined
394981,Megabalanus californicus,Undefined
395015,Oratosquilla oratoria,Undefined
395044,Skeletonema tropicum,Undefined
395046,Caryophyllaceae,Undefined
395093,Labyrinthula zosterae,Undefined
395489,Loxomitra mizugamaensis,Undefined
395490,Loxomitra tetraorganon,Undefined
395689,Maristentor dinoferus,Undefined
395690,Parabirojimia similis,Undefined
395976,Haplosporidium edule,Undefined
395977,Klosteria bodomorphis,Undefined
395999,Acaryochloris marina,Undefined
396262,Chrysoculter rhomboideus,Undefined
396512,Cryptoperidiniopsis brodyi,Undefined
397069,Cyrenoididae,Undefined
397192,Teredo clappi,Undefined
407028,Limnohalacarus mamillatus,Undefined
409593,Coelodendrum ramosissimum,Undefined
409645,Mallomonas caudata,Undefined
410028,Sida,Undefined
410029,Sida crystallina,Undefined
410032,Plumatella repens,Undefined
411764,Pseudo-nitzschia heimii,Other
411905,Creseidae,Undefined
412942,Stylodictya validispina,Undefined
412946,Spongopyle,Undefined
412949,Spongotrochus glacialis,Undefined
412958,Larcopyle,Undefined
413006,Eucyrtidium,Undefined
413409,Lithopoma phoebium,Undefined
413625,Solen vaginoides,Undefined
413700,Ensiculus cultellus,Undefined
413963,Malvaceae,Undefined
413964,Malpighiales,Undefined
414027,Neodexiospira steueri,Undefined
414225,Evechinus chloroticus,Undefined
414686,Apiales,Undefined
414688,Solanales,Undefined
414690,Cucurbitales,Undefined
414691,Fabales,Undefined
414692,Fagales,Undefined
414693,Rosales,Undefined
414696,Magnoliales,Undefined
414702,Lituolida,Undefined
414705,Endogenida,Undefined
414707,Parathalestris parviseta,Undefined
414708,Colpodea,Undefined
414711,Sessilida,Undefined
414714,Peniculida,Undefined
414715,Stichotrichida,Undefined
414716,Kiitrichida,Undefined
414718,Plagiopylida,Undefined
414720,Sporadotrichida,Undefined
414756,Amphisiellidae,Undefined
414782,Chilodonellidae,Undefined
414787,Cohnilembidae,Undefined
414789,Corbiculidae,Undefined
414795,Cucurbitaceae,Undefined
414832,Kiitrichidae,Undefined
414839,Loxocephalidae,Undefined
414856,Parameciidae,Undefined
414881,Rosaceae,Undefined
414889,Solanaceae,Undefined
414892,Spirofilidae,Undefined
414900,Tetrahymenidae,Undefined
414963,Karyorelictea,Undefined
415158,Cardiostomatella,Undefined
415168,Caryotricha,Undefined
415190,Chenopodium,Undefined
415192,Chilodonella,Undefined
415205,Cinetochilum,Undefined
415221,Cohnilembus,Undefined
415224,Colpoda,Undefined
415237,Cornirostra,Undefined
415247,Cristigera,Undefined
415251,Cryptocaryon,Undefined
415489,Hyalophysa,Undefined
415511,Ipomoea,Undefined
415747,Paracineta,Undefined
415756,Paramecium,Undefined
415822,Plagiocampa,Undefined
415870,Protocruzia,Undefined
415963,Scissula,Undefined
416015,Stentor,Undefined
416056,Tetrahymena,Undefined
416109,Trochilia,Undefined
416120,Ulnaria,Other
416125,Uroleptopsis,Undefined
416126,Urostyla,Undefined
416213,Ranunculales,Undefined
416296,Fecampiida,Undefined
416523,Acartia clausii,Other
417096,Aspidisca aculeata,Undefined
417153,Tintinnopsis parvula,Undefined
417213,Eutintinnus medius,Undefined
417214,Eutintinnus pectinis,Other
417221,Eutintinnus tenuis,Undefined
417228,Salpingella acuminata,Other
417239,Tintinnidium primitivum,Undefined
417386,Paracineta limbata,Undefined
417412,Cryptocaryon irritans,Undefined
417477,Tetrahymena pyriformis,Undefined
418908,Cordagalma cordiforme,Undefined
419161,Diplomonorchis leiostomi,Undefined
419326,Patelloida pustulata,Undefined
421789,Nikoides schmitti,Undefined
422454,Holopus rangii,Undefined
422893,Coleochaetales,Undefined
422894,Coleochaetaceae,Undefined
422895,Coleochaete,Undefined
424095,Sipunculus titubans,Undefined
424332,Golfingia vulgaris,Undefined
424910,Phascolosoma stephensoni,Undefined
425420,Lacrymariidae,Undefined
425423,Vestibuliferida,Undefined
425425,Nassophorea,Undefined
425426,Microthoracida,Undefined
425464,Dysteriida,Undefined
425465,Plesiotrichopidae,Undefined
425467,Hypocomatida,Undefined
425474,Evaginogenida,Undefined
425487,Prostomatea,Other
425488,Prorodontida,Other
425497,Tintinnida,Other
425500,Hypotrichia,Undefined
425511,Tontoniidae,Undefined
425519,Heterotrichea,Other
425524,Kentrophoridae,Undefined
425527,Amphorellopsis,Undefined
425546,Epiphyllum,Undefined
425556,Colpidium,Undefined
425559,Stokesia,Undefined
425576,Mesanophrys,Undefined
425585,Homalogastra,Undefined
425590,Hippocomos,Undefined
425601,Chlamydonellopsis,Undefined
425611,Tokophrya,Undefined
425619,Epalxella,Undefined
425644,Moneuplotes,Undefined
425652,Spirotontonia,Undefined
425672,Apokeronopsis,Undefined
425675,Anteholosticha,Undefined
425737,Equisetales,Undefined
425739,Equisetum,Undefined
425754,Elaeagnaceae,Undefined
425969,Santalales,Undefined
426042,Rhamnaceae,Undefined
426092,Bryales,Undefined
426114,Marchantiopsida,Undefined
426331,Orthoptera,Undefined
426529,Cyclotrichium cyclokaryon,Undefined
427046,Cardiostomatella vermiformis,Undefined
427050,Mesanophrys carcini,Undefined
427052,Metanophrys sinensis,Undefined
427056,Paranophrys marina,Undefined
427185,Agnathodysteria littoralis,Undefined
427196,Dysteria semilunaris,Undefined
427203,Trochilia petrani,Undefined
427209,Hartmannula sinica,Undefined
427252,Ephelota mammillata,Undefined
427253,Ephelota truncata,Undefined
427416,Tintinnopsis fimbriata,Undefined
427655,Euplotes aediculatus,Undefined
427688,Euplotidium arenarium,Undefined
427714,Cyrtostrombidium longisomum,Undefined
427716,Omegastrombidium elegans,Undefined
427748,Protocruzia granulosa,Undefined
427827,Epiclintes auricularis,Undefined
427844,Uroleptopsis citrina,Undefined
427854,Anteholosticha monilata,Undefined
427997,Stentor coeruleus,Undefined
428521,Haematococcaceae,Undefined
428522,Haematococcus,Undefined
428524,Spumella,Undefined
428538,Choanocystis,Undefined
428547,Hemiophrys,Undefined
428550,Massisteria,Undefined
428565,Trepomonas,Undefined
428666,Hexamita inflata,Undefined
428714,Massisteria marina,Undefined
428735,Notosolenus urceolatus,Undefined
447747,Sphaeropleaceae,Undefined
449151,Bigyra,Undefined
449880,Codosiga botrytis,Undefined
449971,Lepetodrilus elevatus,Undefined
450612,Arcocellulus,Undefined
450619,Minutocellus,Other
451642,Euamoebida,Undefined
451644,Dactylopodida,Undefined
451649,Heterolobosea,Undefined
451655,Raphidiophryidae,Undefined
456593,Lottia gigantea,Undefined
458796,Desmodorida,Undefined
458798,Desmoscolecida,Undefined
459575,Mangalocypria,Undefined
461118,Hemicytherura kajiyamai,Undefined
461798,Ishizakiella miurensis,Undefined
461862,Cytheromorpha acupunctata,Undefined
465123,Ceratomyxa vikrami,Undefined
465274,Cucumis,Undefined
467133,Ulnaria delicatissima,Undefined
468017,Enchytraeida,Undefined
468025,Alcyonidioides,Undefined
468026,Alcyonidioides mytili,Undefined
468873,Jania sagittata,Undefined
474842,Lagenoeca,Undefined
479175,Rhabditophora,Undefined
479211,Prorhynchidae,Undefined
479226,Bothrioplanidae,Undefined
479388,Catenula,Undefined
479535,Geocentrophora,Undefined
479813,Theama,Undefined
479867,Chromyella,Undefined
479882,Austradenopharynx,Undefined
480357,Symsagittifera psammophila,Undefined
480789,Pterastericola australis,Undefined
483655,Paraplanocera oligoglena,Undefined
483902,Boninia divae,Undefined
484258,Macrostomum lignano,Undefined
485229,Proaphanostoma tenuissima,Undefined
488020,Lepidochitonidae,Undefined
489103,Petricolidae,Undefined
489112,Skeletonema dohrnii,Undefined
489327,Architaenioglossa,Undefined
492161,Placunidae,Undefined
493303,Astrosphaera,Undefined
493313,Cladococcus,Undefined
493318,Cladococcus viminalis,Undefined
493566,Pseudocubus,Undefined
493567,Pseudocubus obeliscus,Undefined
493601,Sphaerozoidae,Undefined
493820,Syracosphaerales,Undefined
493821,Coccolithales,Other
493829,Balbianiales,Undefined
493835,Mamiellophyceae,Undefined
493836,Dolichomastigales,Undefined
493838,Oltmannsiellopsidales,Undefined
493844,Coccidiniales,Undefined
493875,Batrachospermaceae,Undefined
493879,Radiococcaceae,Undefined
493882,Cyanobacteriaceae,Undefined
493883,Pleurochrysidaceae,Undefined
493886,Dolichomastigaceae,Undefined
493889,Bathycoccaceae,Undefined
493890,Symphyonemataceae,Undefined
493891,Stigonemataceae,Undefined
493897,Rhodellaceae,Undefined
493902,Peniaceae,Undefined
494027,Coleofasciculus,Undefined
494056,Neoceratium,Other
494063,Pseudulvella,Undefined
494074,Chytriodinium,Undefined
494102,Oltmannsiellopsis,Other
494103,Chlorogloea,Undefined
494165,Craspedostauros,Undefined
494184,Stigonema,Undefined
494187,Rubidibacter,Undefined
494819,Rhodochaete pulchella,Undefined
494986,Sargassum vachellianum,Undefined
495077,Zostera marina,Undefined
495194,Pyramimonas tetrarhynchus,Undefined
495286,Chlamydomonas parkeae,Undefined
495287,Pyramimonas parkeae,Undefined
495333,Pyramimonas disomata,Other
495338,Tetraselmis subcordiformis,Undefined
495346,Pyramimonas olivacea,Undefined
495715,Lotharella oceanica,Undefined
503098,Husseyella turmalis,Undefined
505249,Rocellaria dubia,Undefined
505492,Limaria fragilis,Undefined
505989,Brachidontes mutabilis,Undefined
506135,Musculus cupreus,Undefined
506737,Saccostrea kegaki,Undefined
506780,Lyonsia kawamurai,Undefined
507364,Tagelus dombeii,Undefined
509607,Limacina antarctica,Undefined
509871,Chernetidae,Undefined
509933,Scorpiones,Undefined
515275,Hippolyte bifidirostris,Undefined
522116,Operculina ammonoides,Undefined
526636,Oltmannsiellopsis viridis,Other
527963,Lecythium,Undefined
528111,Amphitrema wrightianum,Undefined
531445,Pseudochattonella,Other
531467,Pseudochattonella farcimen,Other
532022,Caulleriella parva,Undefined
536191,Streptophyta,Undefined
536202,Euglenozoa,Undefined
536817,Diaulula sandiegensis,Undefined
537231,Melita plumulosa,Undefined
545262,Caecum glabellum,Undefined
547449,Chroococcidiopsis,Undefined
547922,Pallaseidae,Undefined
549219,Stephanopyxis nipponica,Undefined
549588,Larcopyle butschlii,Undefined
555052,Thalassionema frauenfeldii,Other
558773,Aeolosomatidae,Undefined
558964,Golenkiniaceae,Undefined
558965,Sphaeropleales,Undefined
558970,Koliellaceae,Undefined
562121,Polystomatidea,Undefined
562585,Ichthyobodo,Undefined
562616,Hexamitidae,Undefined
562618,Hexamita,Undefined
562628,Ellobiopsis,Other
562629,Thalassomyces,Undefined
562641,Blastodinium,Undefined
562650,Haplozoon,Undefined
562653,Amyloodinium,Undefined
562661,Paradinium,Undefined
562667,Syndinium,Undefined
562674,Archigregarinorida,Undefined
562693,Lecudinidae,Undefined
562695,Ancora,Undefined
562703,Lecudina,Undefined
562705,Lankesteria,Undefined
562732,Monocystis,Undefined
562734,Selenidiidae,Undefined
562744,Selenidium,Undefined
562747,Urosporidae,Undefined
562750,Urospora,Undefined
562756,Lithocystis,Undefined
562758,Pterospora,Undefined
562773,Gregarinidae,Undefined
562774,Gregarina,Undefined
562786,Uradiophoridae,Undefined
562788,Heliospora,Undefined
562793,Neogregarinorida,Undefined
562795,Agamococcidiorida,Undefined
562798,Rhytidocystidae,Undefined
562832,Eimeriidae,Undefined
562837,Eimeria,Undefined
562839,Goussia,Undefined
562841,Sarcocystidae,Undefined
562852,Cercozoa,Undefined
562853,Endomyxa,Undefined
562854,Ascetosporea,Undefined
562861,Haplosporida,Undefined
562869,Minchinia,Undefined
562958,Perkinsus qugwadi,Undefined
562964,Blastodinium contortum,Undefined
562984,Amyloodinium ocellatum,Undefined
562991,Paradinium poucheti,Undefined
562993,Syndinium turbo,Undefined
563031,Ancora sagittata,Undefined
563073,Lankesteria ritterellae,Undefined
563123,Lecudina polymorpha,Undefined
563127,Lecudina tuzetae,Undefined
563181,Selenidium pendula,Undefined
563189,Selenidium serpulae,Undefined
563247,Urospora ovalis,Undefined
563253,Urospora travisiae,Undefined
563357,Heliospora longissima,Undefined
563572,Haplosporidium montforti,Undefined
563582,Minchinia mercenariae,Undefined
563667,Lecudina pellucida,Undefined
563698,Selenidium hollandei,Undefined
563700,Selenidium mesnili,Undefined
563877,Lankesteria cystodytae,Undefined
563883,Thalassomyces fagei,Undefined
571761,Geonemertes,Undefined
572022,Cryptomonas pyrenoidifera,Undefined
572057,Mallomonas tonsurata,Undefined
573250,Acaryochloridaceae,Undefined
573252,Halomicronema,Undefined
573262,Gomontiellaceae,Undefined
573266,Prochloraceae,Undefined
573267,Prochloron,Undefined
573268,Prochloron didemni,Undefined
573269,Crocosphaera,Undefined
573270,Crocosphaera watsonii,Undefined
573277,Cyanobacterium,Undefined
573354,Cyanobium,Undefined
573572,Rhizosolenia fallax,Other
573696,Fragilidium mexicanum,Undefined
573780,Spiniferodinium,Undefined
573873,Falcomonas,Undefined
573882,Heteromita,Undefined
573884,Isochrysis galbana,Other
573888,Mallomonadaceae,Undefined
573915,Rebecca,Undefined
573929,Pavlova gyrans,Undefined
573941,Platychrysis,Undefined
573955,Proteomonas,Undefined
573956,Proteomonas sulcata,Undefined
573978,Chrysolepidomonadaceae,Undefined
573979,Chrysolepidomonas,Undefined
573984,Storeatula,Undefined
573985,Storeatula major,Undefined
573992,Closteriaceae,Undefined
573995,Phacaceae,Undefined
576678,Pseudoschroederia,Undefined
576718,Volvox,Undefined
576879,Hapalosiphonaceae,Undefined
577245,Tovelliaceae,Undefined
577291,Chlamydomonas noctigama,Undefined
577487,Petalomonas cantuscygni,Undefined
577490,Microglena,Undefined
577493,Cercomonas,Other
577497,Syndiniaceae,Undefined
577498,Hematodinium,Undefined
577610,Tribonematales,Undefined
577611,Heteropediaceae,Undefined
577612,Heterococcus,Undefined
577659,Desmochloris,Undefined
577660,Desmochloris halophila,Undefined
577669,Hydrurales,Undefined
577671,Hydruraceae,Undefined
577691,Cyclonexis,Undefined
577721,Oedogoniales,Undefined
577722,Oedogoniaceae,Undefined
577726,Hydrurus,Undefined
577746,Ochromonas danica,Undefined
577970,Phaeocystales,Undefined
578006,Leyanella arenaria,Undefined
578126,Olindiidae,Undefined
578225,Mychonastes,Undefined
578238,Monomastigaceae,Undefined
578432,Spermatozopsis,Other
578476,Dolichospermum,Other
580085,Helgoeca,Undefined
580086,Helgoeca nana,Undefined
580117,Acanthoecida,Undefined
580340,Thelepinae,Undefined
581514,Craspedida,Undefined
582175,Parabasalia,Undefined
582176,Diplonemea,Undefined
582188,Tubulinea,Undefined
582189,Discosea,Undefined
582193,Variosea,Undefined
582197,Filasterea,Undefined
582205,Flabellinia,Undefined
582206,Longamoebia,Undefined
582209,Euglenida,Other
582213,Petalomonadida,Undefined
582219,Jakobida,Undefined
582221,Oxymonadida,Undefined
582235,Echinamoebida,Undefined
582238,Stygamoebida,Undefined
582242,Mastigamoebida,Undefined
582250,Stemonitida,Undefined
582427,Telonemida,Undefined
582431,Entodiniomorphida,Undefined
582464,Aconoidasida,Undefined
582871,Caenorhabditis,Undefined
583053,Triticum,Undefined
583061,Xiphinema,Undefined
590462,Chrysomerophyceae,Undefined
590464,Chrysomeridaceae,Undefined
590468,Chrysowaernella,Undefined
590469,Chrysowaernella hieroglyphica,Undefined
590470,Giraudyopsis,Undefined
590565,Guillardia,Undefined
590566,Guillardia theta,Undefined
590572,Oblongichytrium,Undefined
590699,Thecofilosea,Undefined
590823,Amorphochlora,Undefined
590824,Amorphochlora amoebiformis,Undefined
590919,Partenskyella,Undefined
590920,Partenskyella glossopodia,Undefined
590921,Norrisiella,Undefined
590937,Micrometopion,Undefined
590939,Glissomonadida,Undefined
591134,Hymenostomatida,Undefined
591137,Colponemida,Undefined
591142,Perkinsida,Undefined
591176,Thraustochytrida,Undefined
591177,Labyrinthulida,Undefined
591178,Opalinata,Undefined
591219,Pirsoniales,Undefined
591233,Plasmodiophorida,Undefined
591237,Metromonadea,Undefined
591238,Imbricatea,Undefined
591246,Cercomonadida,Undefined
591248,Marimonadida,Undefined
591249,Spongomonadida,Undefined
591250,Thaumatomonadida,Undefined
591251,Cryomonadida,Undefined
591253,Tectofilosida,Undefined
591254,Ventricleftida,Undefined
591364,Scapharca broughtonii,Undefined
592089,Capitella teleta,Undefined
592916,Xenacoelomorpha,Undefined
593144,Lynceidae,Undefined
593145,Lynceus,Undefined
593173,Plecoptera,Undefined
593215,Simulium,Undefined
593689,Cercomonadidae,Undefined
593690,Paracercomonas,Undefined
593691,Paracercomonas marina,Undefined
594013,Staurostoma mertensii,Meroplankton
594957,Nematonereis unicornis,Undefined
595084,Pseudotontonia,Undefined
595101,Lynnella semiglobulosa,Undefined
595199,Pseudotontonia simplicidens,Undefined
595203,Spirotontonia grandis,Undefined
595206,Strombidinopsis batos,Undefined
595214,Strombidium basimorphum,Undefined
595215,Strombidium chlorophilum,Other
595221,Strombidium rassoulzadegani,Undefined
596330,Polypodiopsida,Undefined
597812,Tetractinellida,Undefined
598013,Phosinella,Undefined
598025,Phosinella clathrata,Undefined
598406,Rubifabriciola,Undefined
598786,Rubifabriciola markginsbergi,Undefined
598903,Amphicorina ascidicola,Undefined
599596,Mesostigmatophyceae,Undefined
599598,Chaetosphaeridiaceae,Undefined
599617,Gloeobacteraceae,Undefined
599619,Spirulinaceae,Undefined
599623,Katablepharidaceae,Undefined
599626,Cyanidiales,Undefined
599627,Cyanidiaceae,Undefined
599658,Glaucocystales,Undefined
599659,Glaucocystaceae,Undefined
599664,Kareniaceae,Other
599670,Mesostigmatales,Undefined
599671,Mesostigmataceae,Undefined
599672,Microthamniaceae,Undefined
599674,Botryochloridaceae,Undefined
599680,Chlorogloeopsidaceae,Undefined
599682,Palmophyllales,Undefined
599683,Palmophyllaceae,Undefined
599689,Chrysochromulinaceae,Undefined
599691,Myxochloridaceae,Undefined
599702,Cladostephaceae,Undefined
599705,Selenastraceae,Other
599707,Stictocyclales,Undefined
599708,Stictocyclaceae,Undefined
599712,Biecheleriaceae,Undefined
599721,Trebouxiales,Undefined
599722,Trebouxiaceae,Undefined
600736,Cyanidioschyzon,Undefined
600783,Trebouxia,Undefined
600817,Tetradesmus,Undefined
600828,Gloeochaete,Undefined
600829,Chaetosphaeridium,Undefined
600873,Fischerella,Undefined
600882,Glaucocystis,Undefined
600884,Spongomonas,Undefined
600886,Tessellaria,Undefined
600907,Sphaeroeca,Undefined
600911,Phalansterium,Undefined
600913,Phaeobotrys,Undefined
600920,Chlorellidium,Undefined
600985,Crinalium,Undefined
600989,Cyanophora,Undefined
601011,Monodus,Undefined
601019,Mesostigma,Undefined
601056,Radiococcus,Undefined
601073,Hassallia,Undefined
601083,Oocystella,Undefined
601129,Chlorokybus,Undefined
601163,Spongiococcum,Undefined
601242,Gloeobacter,Undefined
601282,Duboscquella,Undefined
601289,Choricystis,Undefined
601291,Watanabea,Undefined
601293,Protaspis,Other
601384,Auxenochlorella,Undefined
601409,Bicosoeca,Undefined
601459,Chloroidium,Undefined
601744,Katablepharis,Other
601806,Marvania,Undefined
602000,Pseudochlorella,Undefined
602009,Pseudomuriella,Undefined
602721,Prochlorothrix,Undefined
602841,Chlorogloeopsis,Undefined
602976,Planktothricoides,Undefined
602979,Cyanoptyche,Undefined
602984,Jadwigia,Undefined
603098,Pseudopediastrum,Other
603116,Thermosynechococcus,Undefined
603142,Discoplastis,Undefined
603184,Geminocystis,Undefined
603229,Roombia,Undefined
603252,Poteriospumella,Undefined
603258,Phormidesmis,Undefined
603263,Heterochlorella,Undefined
603281,Colponema,Undefined
603289,Haptolina,Undefined
603291,Thaumatomonas,Undefined
603321,Nodosilinea,Undefined
603334,Biecheleria,Undefined
603335,Parvilucifera,Undefined
603345,Oophila,Undefined
603429,Picochlorum,Undefined
603763,Allas,Undefined
603911,Bodomorpha,Undefined
604918,Archaeperidinium,Other
605090,Sphaerastrum,Undefined
605717,Malleus regula,Undefined
605735,Fulvia mutica,Undefined
605988,Creseis clava,Undefined
606122,Nitidotellina,Undefined
606128,Nitidotellina hokkaidoensis,Undefined
607338,Zoantharia,Undefined
608215,Klebsormidium flaccidum,Undefined
608420,Chlamydomonas reinhardtii,Undefined
608472,Nannochloris bacillaris,Undefined
608655,Volvox carteri,Undefined
609075,Penium margaritaceum,Undefined
610010,Sphaeroeca volvox,Undefined
610028,Mallomonas heterospina,Undefined
610062,Phyllosiphon arisari,Undefined
610800,Mesostigma viride,Undefined
610807,Carteria radiosa,Undefined
610828,Gloeochaete wittrockiana,Undefined
610869,Coccomyxa subellipsoidea,Undefined
611381,Hassallia byssoidea,Undefined
612111,Auxenochlorella protothecoides,Undefined
612155,Botrydiopsis pyrenoidosa,Undefined
612318,Chrysochromulina scutellum,Undefined
612319,Chrysolepidomonas dendrolepidota,Undefined
613441,Picocystis salinarum,Undefined
614413,Chlorella sorokiniana,Undefined
614843,Synechococcus lividus,Undefined
615343,Stanieria cyanosphaera,Undefined
616533,Heterococcus caespitosus,Undefined
616813,Prochlorothrix hollandica,Undefined
618940,Limnothrix rosea,Undefined
619264,Skeletonema grevillei,Undefined
619321,Cyanoptyche gloeocystis,Undefined
619575,Spongomonas minima,Undefined
619727,Leptolyngbya compacta,Undefined
620937,Radiococcus polycoccus,Undefined
621601,Pseudopediastrum boryanum,Other
623005,Skeletonema ardens,Undefined
623440,Pseudoschroederia antillarum,Other
623449,Hemiselmis andersenii,Undefined
623450,Hemiselmis cryptochromatica,Undefined
623643,Geminocystis herdmanii,Undefined
623673,Blastodinium galatheanum,Undefined
623858,Cyanobacterium aponinum,Undefined
623869,Pseudochlorella pringsheimii,Undefined
623961,Fragilidium duplocampanaeforme,Undefined
624375,Mychonastes jurisii,Undefined
624607,Archaeperidinium minutum,Other
624973,Prymnesium pigrum,Undefined
625368,Dolichospermum crassum,Undefined
625430,Leprotintinnus pellucidus,Other
626014,Micractinium reisseri,Undefined
626081,Pyropia yezoensis,Undefined
626383,Oophila amblystomatis,Undefined
638294,Heteromita globosa,Undefined
639206,Gyrodinium helveticum,Undefined
643825,Bodomorpha minima,Undefined
657472,Lotharella globosa,Undefined
660919,Trichodesmium erythraeum,Undefined
660933,Spirulina major,Undefined
661559,Haematococcus lacustris,Undefined
662423,Mychonastes homosphaera,Undefined
662747,Synechococcus rubescens,Undefined
663490,Dermocarpella incrassata,Undefined
664814,Oscillatoria acuminata,Undefined
666434,Actinoptychus undulatus,Undefined
670030,Prymnesium polylepis,Other
700759,Pavlova ennorea,Undefined
700795,Chlorella variabilis,Undefined
707551,Urgorri,Undefined
707553,Stephanoecidae,Undefined
707571,Vicicitus,Undefined
707582,Testudodinium,Undefined
707585,Biecheleriopsis,Undefined
707589,Nuclearia,Undefined
707593,Desertifilum,Undefined
707601,Pithophoraceae,Undefined
707626,Gyrodiniellum,Undefined
707629,Paragymnodinium,Undefined
707630,Pelagodinium,Undefined
707712,Parvilucifera sinerae,Undefined
707765,Urgorri complanatus,Undefined
707815,Ellobiopsis chattonii,Undefined
707927,Vicicitus globosus,Other
708079,Paralia longispina,Undefined
708115,Blastocystis hominis,Undefined
709415,Crisularia,Undefined
709455,Limipolycystis sicilicula,Undefined
710132,Meioglossus,Undefined
710133,Meioglossus psammophilus,Undefined
710706,Oxydromus pugettensis,Undefined
714272,Florometra serratissima,Undefined
715954,Semisulcospiridae,Undefined
716016,Perinereis aibuhitensis,Undefined
719377,Marstonia,Undefined
722757,Rissoinidae,Undefined
722976,Plasmodiidae,Undefined
722979,Hepatozoon,Undefined
723134,Cibicides pachyderma,Undefined
724313,Didymoeca,Undefined
724314,Didymoeca costata,Undefined
730531,Picozoa,Undefined
730532,Picomonadea,Undefined
730533,Picomonadida,Undefined
730534,Picomonadidae,Undefined
730535,Picomonas,Undefined
730536,Picomonas judraskeda,Undefined
730804,Ichthyophthirius,Undefined
730805,Ichthyophthirius multifiliis,Undefined
731054,Clavactinia serrata,Undefined
731069,Polycopetta quadrispinata,Undefined
731848,Chromadorea,Undefined
731907,Halisarca restingaensis,Undefined
731943,Holothuriidae,Undefined
732333,Chlamydomonadales,Other
732772,Cycladicama cumingii,Undefined
732811,Novistrombidium apsheronicum,Undefined
732814,Pelagostrobilidium minutum,Undefined
732815,Pelagostrobilidium paraepacrum,Undefined
732977,Williophrya,Undefined
736910,Chondrillida,Undefined
736911,Biemnida,Undefined
741130,Juga,Undefined
741161,Juga acutifilosa,Undefined
742628,Protaspidae,Undefined
744673,Pharus,Undefined
744872,Protodrilus,Undefined
746931,Protodrilidae,Undefined
753852,Brachycladium goliath,Undefined
758259,Orbicella,Undefined
758274,Parougia bermudensis,Undefined
758424,Monia umbonata,Undefined
758928,Clytia xiamenensis,Undefined
759717,Amphicorina mobilis,Undefined
760684,Ixodida,Undefined
761044,Phoronis emigi,Undefined
761162,Leptomyxa,Undefined
761229,Lingulamoeba,Undefined
761236,Vermistella,Undefined
761240,Platyamoeba contorta,Undefined
761249,Balamuthia,Undefined
761262,Filamoeba,Undefined
761263,Flamella,Undefined
761359,Protosteliida,Undefined
761362,Protostelium,Undefined
761372,Protosporangiidae,Undefined
761374,Protosporangium,Undefined
761390,Badhamia,Undefined
761431,Paragymnodinium shiwhaense,Undefined
762029,Holothyrida,Undefined
762062,Sarcoptiformes,Undefined
763068,Acanthobdellida,Undefined
767376,Arguloida,Undefined
767825,Maritrema eroliae,Undefined
788435,Loxocorniculum mutsuense,Undefined
834039,Crisularia plumosa,Undefined
834422,Enoplea,Undefined
834431,Triplonchida,Undefined
834520,Longidoridae,Undefined
834679,Trichinellida,Undefined
834682,Trichinellidae,Undefined
834796,Gongylonematidae,Undefined
834835,Aphelenchidae,Undefined
834841,Meloidogynidae,Undefined
834870,Heterorhabditidae,Undefined
836271,Taeniidae,Undefined
836357,Aphanothecaceae,Undefined
836361,Aphanizomenonaceae,Undefined
836362,Fortieaceae,Undefined
836363,Godleyaceae,Undefined
836364,Tolypothrichaceae,Undefined
836365,Coleofasciculaceae,Undefined
836366,Microcoleaceae,Undefined
836369,Bracteamorphaceae,Undefined
836370,Rotundellaceae,Undefined
836372,Leptolyngbyaceae,Undefined
836484,Rotundella,Undefined
836496,Subulatomonas,Undefined
836500,Moorea,Undefined
836531,Annamia,Undefined
836552,Peregrinia,Undefined
836564,Tenuicylindrus,Undefined
836581,Trieres,Other
836587,Plagiostriata,Undefined
836638,Neosynechococcus,Undefined
836674,Nusuttodinium,Undefined
837075,Azadinium caudatum,Other
837201,Microglena reginae,Undefined
837372,Teleaulax minuta,Undefined
837382,Biecheleria brevisulcata,Undefined
837860,Microglena uva-maris,Undefined
837862,Laurenciella marilzae,Undefined
837989,Biecheleriopsis adriatica,Undefined
838399,Durinskia capensis,Undefined
839490,Halomicronema hongdechloris,Undefined
839543,Subulatomonas tetraspora,Undefined
839791,Islandinium tricingulatum,Other
839792,Leptocylindrus convexus,Undefined
839794,Leptocylindrus hargravesii,Undefined
840182,Hatena arenicola,Undefined
840183,Roombia truncata,Undefined
840195,Rotundella rotunda,Undefined
840383,Tergestiella adriatica,Undefined
840847,Biremis panamae,Undefined
840906,Nusuttodinium poecilochroum,Undefined
840907,Nusuttodinium amphidinioides,Undefined
841336,Odontella rhomboides,Undefined
841392,Ailadinium reticulatum,Undefined
841664,Aetokthonos hydrillicola,Undefined
842080,Plagiostriata goreensis,Undefined
844322,Phormidesmis priestleyi,Undefined
845402,Verongiida,Undefined
845473,Bubarida,Undefined
845494,Polymastiida,Undefined
845506,Clionaida,Undefined
845508,Trachycladida,Undefined
845509,Suberitida,Undefined
845958,Ichthyostraca,Undefined
846030,Parougia diapason,Undefined
851581,Amathia verticillata,Undefined
851589,Amathia gracilis,Undefined
851649,Coronatae,Undefined
863399,Collodaria,Undefined
863718,Tetmemena,Undefined
864171,Stylonychia lemnae,Undefined
870632,Leptonerilla prospera,Undefined
872054,Massisteria voersi,Undefined
872067,Abollifer,Undefined
872068,Abollifer globosa,Undefined
872070,Pseudopirsonia,Undefined
872071,Pseudopirsonia mucosa,Undefined
872073,Auranticordis quadriverberis,Undefined
872089,Esquamula,Undefined
872090,Esquamula lacrimiformis,Undefined
872101,Mataza,Undefined
872102,Mataza hastifera,Undefined
872112,Vampyrellidae,Undefined
872114,Filoreta,Undefined
872116,Filoreta marina,Undefined
872696,Kefersteinia cirrata,Undefined
879344,Haplogonaria schillingi,Undefined
879351,Pseudaphanostoma hyalinorhabdoida,Undefined
880517,Haliclystidae,Undefined
883642,Perkinsus chesapeaki,Undefined
886172,Adineta,Undefined
886257,Chlorodendrophyceae,Undefined
886261,Marsupiomonadales,Undefined
886270,Monomastigales,Undefined
886279,Chlorokybophyceae,Undefined
886280,Chlorokybales,Undefined
886282,Coleochaetophyceae,Undefined
886288,Desmidiales,Other
886338,Sphagnopsida,Undefined
886340,Sphagnales,Undefined
886349,Jungermanniopsida,Undefined
886350,Jungermanniales,Undefined
886365,Marchantiales,Undefined
886370,Lycopodiopsida,Undefined
886375,Selaginellales,Undefined
886389,Amborellales,Undefined
886419,Dioscoreales,Undefined
886420,Pandanales,Undefined
886425,Piperales,Undefined
886429,Proteales,Undefined
886441,Cycadopsida,Undefined
886443,Cycadales,Undefined
886448,Gnetopsida,Undefined
886451,Gnetales,Undefined
886453,Pinopsida,Undefined
886455,Pinales,Undefined
886583,Adineta vaga,Undefined
887893,Callipodida,Undefined
887903,Spirobolida,Undefined
888636,Exaiptasia,Undefined
888637,Exaiptasia pallida,Undefined
889925,Hexanauplia,Undefined
889997,Plasmodiophoridae,Undefined
932337,Potamonemertes percivali,Undefined
932609,Urocoptidae,Undefined
933475,Disporella neapolitana,Undefined
946481,Polydesmus complanatus,Undefined
963740,Chaetoceros elegans,Undefined
987176,Drosophilidae,Undefined
987183,Keroplatidae,Undefined
989022,Lepidoptera,Undefined
989372,Blattodea,Undefined
989447,Neuroptera,Undefined
989492,Psocoptera,Undefined
990780,Enicocephalidae,Undefined
991060,Marstonia arga,Undefined
993874,Lolium,Undefined
993876,Lolium perenne,Undefined
994581,Cheyletidae,Undefined
994588,Sminthuridae,Undefined
1026741,Coccomyxidae,Undefined
1027685,Moniligastridae,Undefined
1030588,Vampyrophrya,Undefined
1030592,Vampyrophrya pelagica,Undefined
1039993,Almidae,Undefined
1052447,Lepetellida,Undefined
1052448,Trochida,Undefined
1054475,Cycloneritida,Undefined
1057430,Ellobiida,Undefined
1058152,Etheria elliptica,Undefined
1058953,Aplysiida,Undefined
1060956,Branchiobdellidae,Undefined
1061176,Koerneria,Undefined
1069633,Grania laxartus,Undefined
1080797,Noccaea,Undefined
1245872,Ulnariaceae,Undefined
1259338,Bithynia siamensis,Undefined
1293730,Spirulinales,Undefined
1294004,Rhabditidoides,Undefined
1294005,Acrostichus,Undefined
1294147,Rhabditoides,Undefined
1294852,Rhabditoides inermiformis,Undefined
1300999,Opiliones,Undefined
1302073,Acantholeberis,Undefined
1302994,Cercopagis pengoi,Undefined
1302996,Ceriodaphnia rotunda,Undefined
1306052,Sporolithales,Undefined
1306116,Grammatodinium,Undefined
1306117,Grammatodinium tongyeonginum,Undefined
1306465,Hapalidiales,Undefined
1307208,Ignatiales,Undefined
1307211,Peridiniopsidaceae,Undefined
1308659,Cyanothecaceae,Undefined
1309299,Agaraceae,Undefined
1313608,Caldora,Undefined
1315544,Spongomonadidae,Undefined
1320351,Pilidiophora,Other
1343296,Flechtneria,Undefined
1343297,Flechtneria rotunda,Undefined
1349109,Corbicula japonica,Undefined
1355734,Orthocladius,Undefined
1358370,Cyanomargarita,Undefined
1358371,Cyanomargarita melechinii,Undefined
1359367,Tetradesmus obliquus,Undefined
1359382,Qia lebouriae,Undefined
1359675,Pyropia nitida,Undefined
1361001,Foliisarcina bertiogensis,Undefined
1361008,Parvilucifera corolla,Undefined
1361011,Dactylococcopsis salina,Undefined
1361033,Aliterella,Undefined
1361034,Aliterella atlantica,Undefined
1361129,Hemiarma,Undefined
1361130,Hemiarma marina,Undefined
1361174,Micromonas commoda,Undefined
1361424,Azumiobodo,Undefined
1368612,Torodiniales,Undefined
1369181,Symbiochloris,Undefined
1369369,Euduboscquella,Undefined
1370118,Goniochloridales,Undefined
1371601,Goniomonas avonlea,Undefined
1372993,Symbiochloris symbiontica,Undefined
1377400,Desertifilaceae,Undefined
1392627,Oligacanthorhynchida,Undefined
1415725,Persicaria,Undefined
1433251,Allomalorhagida,Undefined
1434803,Beroe,Holoplankton
1444150,Choanoflagellata,Other
1444456,Alciopidae,Undefined
1449314,Rubifabriciola flammula,Undefined
1459438,Lynceus biformis,Undefined
1459786,Lynceus tatei,Undefined
1461415,Rhabditidoides humicolus,Undefined
1476515,Ichthyophonidae,Undefined
1486549,Breviatea,Undefined
1486560,Breviata,Undefined
1486563,Rigifilida,Undefined
1486570,Ancyromonadidae,Undefined
1486571,Ancyromonadida,Undefined
1486573,Metazoa,Other
1487395,Rhizidiomycetaceae,Undefined
1487396,Rhizidiomyces,Undefined
1489716,Cybocephalus,Undefined
1489839,Tenebrio,Undefined
1490136,Psocidae,Undefined
1490166,Gryllidae,Undefined
1490187,Mantodea,Undefined
1490235,Apidae,Undefined
1490567,Diplura,Undefined
1491074,Oestridae,Undefined
1491600,Daucus carota,Undefined
1491649,Aristolochiaceae,Undefined
1491774,Cleomaceae,Undefined
1492211,Musa,Undefined
1492514,Capsicum,Undefined
1492531,Nicotiana,Undefined
1492535,Physalis,Undefined
1492688,Cupressaceae,Undefined
1492693,Juniperus,Undefined
1492698,Pinaceae,Undefined
1492701,Pinus,Undefined
1492704,Podocarpaceae,Undefined
1498433,Pholoidae,Undefined
1501270,Didymium,Undefined
1501272,Didymium iridis,Undefined
1501302,Lamproderma,Undefined
1501343,Spongospora,Undefined
1501345,Spongospora subterranea,Undefined
1502136,Strigeidida,Undefined
1503924,Cycadaceae,Undefined
1503936,Acanthamoeba castellanii,Undefined
1507871,Euphylliidae,Undefined
1509115,Hyotissa imbricata,Undefined
1513109,Sarcoptes,Undefined
1534792,Calenema,Undefined
1534794,Calenema singularis,Undefined
1535025,Neobodo,Undefined
1537121,Heterorhabditis,Undefined
1537598,Heterorhabditis indica,Undefined
1537881,Rhabditella axei,Undefined
1579514,Metacypris,Undefined
1579843,Merulinidae,Undefined
1584400,Trichinella,Undefined
1585550,Gongylonema,Undefined
1587603,Trichinella pseudospiralis,Undefined
1629234,Marchantiaceae,Undefined
1629713,Colobanthus,Undefined
1629714,Colobanthus quitensis,Undefined
1633665,Strigomonas,Undefined
1634453,Gnetaceae,Undefined
1634456,Ephedrales,Undefined
1634477,Araucariales,Undefined
1634478,Cupressales,Undefined
1635257,Gonyaulax ellegaardiae,Undefined
1635411,Euryhelmis costaricensis,Undefined
1635532,Blastocystidae,Undefined
1635533,Blastocystis,Undefined
1635860,Strigomonas culicis,Undefined
1635862,Angomonas,Undefined
1640666,Neobodo designis,Undefined
1647552,Haplosporidiidae,Undefined
1648086,Picocystophyceae,Undefined
1648087,Picocystales,Undefined
1648088,Picocystaceae,Undefined
1648794,Palmophyllophyceae,Undefined
1648980,Gloeochaetales,Undefined
1649003,Mychonastaceae,Undefined
1649009,Dictyochloridaceae,Undefined
1649049,Schroederiaceae,Undefined
1649200,Marsupiomonadaceae,Undefined
1653503,Chroococcidiopsidales,Undefined
1653511,Gloeobacterales,Undefined
1653529,Chroococcidiopsidaceae,Undefined
1653535,Gloeomargaritaceae,Undefined
1653567,Prochlorotrichaceae,Undefined
1653573,Coelosphaeriaceae,Undefined
1653576,Romeriaceae,Undefined
1656075,Geminobacterium,Undefined
1656076,Geminobacterium atlanticum,Undefined
1656580,Gloeomargarita,Undefined
1656581,Gloeomargarita lithophora,Undefined
1656682,Calotrichaceae,Undefined
1661048,Lusitaniella,Undefined
1671450,Metacypris digitiformis,Undefined
1704260,Collozoum amoeboides,Undefined
1714222,Rhagionidae,Undefined
1715089,Cyclocyprididae,Undefined
1719470,Collyriclum faba,Undefined
1719780,Beroe ovata,Undefined
1720921,Caenorhabditis portoensis,Undefined
1728658,Euduboscquella crenulata,Undefined
1731424,Diplomonadida,Undefined
1731513,Diplonema papillatum,Undefined
1731732,Scytomonadidae,Undefined
1731782,Parvilucifera infectans,Undefined
1731792,Procryptobia,Undefined
1731796,Leishmania,Undefined
1731875,Rhynchobodo,Undefined
1734587,Neovahlkampfia,Undefined
1736185,Hemistasiidae,Undefined
1736233,Halocafeteria,Undefined
1736249,Nanomonadea,Undefined
1736252,Incisomonas,Undefined
1736253,Incisomonas marina,Undefined
1736280,Diplonemidae,Undefined
1736611,Pyrsonymphidae,Undefined
1736973,Nerada,Undefined
1736974,Nerada mexicana,Undefined
1736990,Rictus,Undefined
1737038,Acavomonas,Undefined
1737039,Acavomonas peruviana,Undefined
1737146,Rhogostomidae,Undefined
1737147,Rhogostoma,Undefined
1737154,Ventrifissuridae,Undefined
1737155,Ventrifissura,Undefined
1737156,Ventrifissura artocarpoidea,Undefined
1737334,Vampyrellida,Undefined
1737335,Vampyrella,Undefined
1738146,Planomonadidae,Undefined
1738147,Fabomonas,Undefined
1738149,Planomonas,Undefined
1738275,Herpetomonas muscarum,Undefined
1738342,Micronuclearia,Undefined
1738343,Micronuclearia podoventralis,Undefined
1738358,Rigifila,Undefined
1738488,Platyreta,Undefined
1738489,Platyreta germanica,Undefined
1738565,Andaluciidae,Undefined
1738566,Andalucia,Undefined
1738568,Stygiellidae,Undefined
1738997,Paramoeba invadens,Undefined
1738998,Paramoeba branchiphila,Undefined
1748107,Pterocystida,Undefined
1748108,Pterocystidae,Undefined
1748110,Pterocystis,Undefined
1749893,Embioptera,Undefined
1753936,Symphypleona,Undefined
1759807,Haplosporidium littoralis,Undefined
1762375,Halicephalobus gingivalis,Undefined
1762560,Panagrolaimus paetzoldi,Undefined
1770284,Margolisiella,Undefined
1780733,Hubrechtidae,Undefined
1782467,Restionaceae,Undefined
1789435,Electra pilosa,Undefined
1808944,Sclerobregma branchiata,Undefined
1822800,Fabriciidae,Undefined
1828369,Echinococcus,Undefined
1830083,Solenofilomorpha crezeei,Undefined
1845324,Cyranomonas,Undefined
1845325,Cyranomonas australis,Undefined
1845405,Minorisa,Undefined
1845407,Minorisa minuta,Undefined
