period,lifeform,aphiaID,imaging_density,edna_density,difference,,,,,
2021-07,Diatom,148899,0.658,0.009,0.649,,,,,
2021-07,Diatom,149069,0.089,0.024,0.065,,,,,
2021-07,Diatom,149132,0.065,0.002,0.063,,,,,
2021-07,Diatom,148985,0.009,0.000,0.008,,,,,
2021-07,Diatom,149118,0.002,0.000,0.002,,,,,
2021-07,Diatom,148969,0.001,0.000,0.001,,,,,
2021-07,Diatom,345491,0.001,0.000,0.001,,,,,
2021-07,Diatom,447730,0.001,0.000,0.001,,,,,
2021-07,Diatom,591192,0.001,0.000,0.001,,,,,
2021-07,Diatom,149054,0.000,0.000,0.000,,,,,
2021-07,Diatom,162969,0.000,0.000,0.000,,,,,
2021-07,Diatom,149200,0.000,0.000,0.000,,,,,
2021-07,Diatom,149219,0.000,0.000,0.000,,,,,
2021-07,Diatom,149313,0.000,0.000,0.000,,,,,
2021-07,Diatom,148965,0.000,0.000,0.000,,,,,
2021-07,Diatom,149010,0.000,0.000,0.000,,,,,
2021-07,Diatom,149032,0.000,0.000,0.000,,,,,
2021-07,Diatom,149181,0.000,0.000,0.000,,,,,
2021-07,Diatom,148905,0.000,0.000,0.000,,,,,
2021-07,Diatom,172418,0.000,0.000,0.000,,,,,
2021-07,Diatom,149106,0.000,0.000,0.000,,,,,
2021-07,Diatom,149113,0.000,0.000,0.000,,,,,
2021-07,Diatom,148994,0.000,0.000,0.000,,,,,
2021-07,Diatom,149073,0.000,0.000,0.000,,,,,
2021-07,Diatom,175584,0.000,0.000,0.000,,,,,
2021-07,Diatom,149038,0.000,0.000,0.000,,,,,
2021-07,Diatom,148984,0.000,0.000,0.000,,,,,
2021-07,Diatom,149112,0.000,0.000,0.000,,,,,
2021-07,Diatom,149002,0.000,0.001,-0.001,,,,,
2021-07,Diatom,148912,0.000,0.001,-0.001,,,,,
2021-07,Diatom,148942,0.000,0.001,-0.001,,,,,
2021-07,Diatom,149015,0.000,0.001,-0.001,,,,,
2021-07,Diatom,148904,0.000,0.001,-0.001,,,,,
2021-07,Diatom,149001,0.000,0.001,-0.001,,,,,
2021-07,Diatom,149115,0.000,0.002,-0.002,,,,,
2021-07,Diatom,149165,0.000,0.003,-0.003,,,,,
2021-07,Diatom,149111,0.000,0.004,-0.004,,,,,
2021-07,Diatom,148903,0.000,0.005,-0.005,,,,,
2021-07,Diatom,149116,0.000,0.007,-0.007,,,,,
2021-07,Diatom,148900,0.000,0.010,-0.010,,,,,
2021-07,Diatom,149068,0.000,0.014,-0.014,,,,,
2021-07,Diatom,148898,0.000,0.020,-0.020,,,,,
2021-07,Dinoflagellate,840626,0.129,0.000,0.129,,,,,
2021-07,Dinoflagellate,109393,0.028,0.006,0.022,,,,,
2021-07,Dinoflagellate,494057,0.015,0.000,0.015,,,,,
2021-07,Dinoflagellate,146203,0.001,0.000,0.001,,,,,
2021-07,Dinoflagellate,109394,0.000,0.000,0.000,,,,,
2021-07,Dinoflagellate,109477,0.000,0.000,0.000,,,,,
2021-07,Dinoflagellate,110229,0.000,0.000,0.000,,,,,
2021-07,Dinoflagellate,604918,0.000,0.000,0.000,,,,,
2021-07,Dinoflagellate,109540,0.000,0.000,0.000,,,,,
2021-07,Dinoflagellate,110303,0.000,0.000,0.000,,,,,
2021-07,Dinoflagellate,148915,0.000,0.000,0.000,,,,,
2021-07,Dinoflagellate,109391,0.000,0.000,0.000,,,,,
2021-07,Dinoflagellate,109476,0.000,0.000,0.000,,,,,
2021-07,Dinoflagellate,109442,0.000,0.000,0.000,,,,,
2021-07,Dinoflagellate,109418,0.000,0.000,0.000,,,,,
2021-07,Dinoflagellate,109475,0.000,0.000,0.000,,,,,
2021-07,Dinoflagellate,232716,0.000,0.000,0.000,,,,,
2021-07,Dinoflagellate,109467,0.000,0.000,0.000,,,,,
2021-07,Dinoflagellate,109396,0.000,0.000,0.000,,,,,
2021-07,Dinoflagellate,109500,0.000,0.000,0.000,,,,,
2021-07,Dinoflagellate,109410,0.000,0.000,0.000,,,,,
2021-07,Dinoflagellate,231789,0.000,0.000,0.000,,,,,
2021-07,Dinoflagellate,109392,0.000,0.000,0.000,,,,,
2021-07,Dinoflagellate,109566,0.000,0.000,0.000,,,,,
2021-07,Dinoflagellate,494056,0.000,0.001,-0.001,,,,,
2021-07,Dinoflagellate,109921,0.000,0.003,-0.003,,,,,
2021-07,Dinoflagellate,19542,0.000,0.010,-0.010,,,,,
2021-07,Other,146557,0.000,0.000,0.000,,,,,
2021-07,Other,824,0.000,0.000,0.000,,,,,
2021-07,Other,1101,0.000,0.000,0.000,,,,,
2021-07,Other,1104,0.000,0.000,0.000,,,,,
2021-07,Other,1130,0.000,0.000,0.000,,,,,
2021-07,Other,1131,0.000,0.000,0.000,,,,,
2021-07,Other,1248,0.000,0.000,0.000,,,,,
2021-07,Other,1371,0.000,0.000,0.000,,,,,
2021-07,Other,1795,0.000,0.000,0.000,,,,,
2021-07,Other,104501,0.000,0.000,0.000,,,,,
2021-07,Other,115086,0.000,0.000,0.000,,,,,
2021-07,Other,123080,0.000,0.000,0.000,,,,,
2021-07,Other,157256,0.000,0.000,0.000,,,,,
2021-07,Other,160581,0.000,0.000,0.000,,,,,
2021-07,Other,160583,0.000,0.000,0.000,,,,,
2021-07,Other,248103,0.000,0.000,0.000,,,,,
2021-07,Other,573884,0.000,0.000,0.000,,,,,
2021-07,Other,577493,0.000,0.000,0.000,,,,,
2021-07,Other,152391,0.000,0.000,0.000,,,,,
2021-07,Other,101,0.000,0.000,0.000,,,,,
2021-07,Other,1410,0.000,0.000,0.000,,,,,
2021-07,Other,105506,0.000,0.000,0.000,,,,,
2021-07,Other,106306,0.000,0.000,0.000,,,,,
2021-07,Other,115090,0.000,0.000,0.000,,,,,
2021-07,Other,117535,0.000,0.000,0.000,,,,,
2021-07,Other,160564,0.000,0.000,0.000,,,,,
2021-07,Other,249721,0.000,0.000,0.000,,,,,
2021-07,Other,292893,0.000,0.000,0.000,,,,,
2021-07,Other,341353,0.000,0.000,0.000,,,,,
2021-07,Other,1444150,0.000,0.000,0.000,,,,,
2021-07,Other,799,0.000,0.000,0.000,,,,,
2021-07,Other,1606,0.000,0.000,0.000,,,,,
2021-07,Other,17793,0.000,0.000,0.000,,,,,
2021-07,Other,19948,0.000,0.000,0.000,,,,,
2021-07,Other,105541,0.000,0.000,0.000,,,,,
2021-07,Other,106285,0.000,0.000,0.000,,,,,
2021-07,Other,115351,0.000,0.000,0.000,,,,,
2021-07,Other,117982,0.000,0.000,0.000,,,,,
2021-07,Other,177588,0.000,0.000,0.000,,,,,
2021-07,Other,882,0.000,0.000,0.000,,,,,
2021-07,Other,1071,0.000,0.000,0.000,,,,,
2021-07,Other,13552,0.000,0.000,0.000,,,,,
2021-07,Other,17651,0.000,0.000,0.000,,,,,
2021-07,Other,101198,0.000,0.000,0.000,,,,,
2021-07,Other,104685,0.000,0.000,0.000,,,,,
2021-07,Other,115061,0.000,0.000,0.000,,,,,
2021-07,Other,115088,0.000,0.000,0.000,,,,,
2021-07,Other,129437,0.000,0.000,0.000,,,,,
2021-07,Other,135301,0.000,0.000,0.000,,,,,
2021-07,Other,148370,0.000,0.000,0.000,,,,,
2021-07,Other,601293,0.000,0.000,0.000,,,,,
2021-07,Other,1102,0.000,0.000,0.000,,,,,
2021-07,Other,101195,0.000,0.000,0.000,,,,,
2021-07,Other,106033,0.000,0.000,0.000,,,,,
2021-07,Other,17639,0.000,0.000,0.000,,,,,
2021-07,Other,913,0.000,0.000,0.000,,,,,
2021-07,Other,22556,0.000,0.000,0.000,,,,,
2021-07,Other,104499,0.000,0.000,0.000,,,,,
2021-07,Other,146142,0.000,0.000,0.000,,,,,
2021-07,Other,146232,0.000,0.000,0.000,,,,,
2021-07,Other,11,0.000,0.000,0.000,,,,,
2021-07,Other,118051,0.000,0.000,0.000,,,,,
2021-07,Other,1069,0.000,0.000,0.000,,,,,
2021-07,Other,115060,0.000,0.000,0.000,,,,,
2021-07,Other,128545,0.000,0.000,0.000,,,,,
2021-07,Other,883,0.000,0.000,0.000,,,,,
2021-07,Other,732333,0.000,0.000,0.000,,,,,
2021-07,Other,177482,0.000,0.000,0.000,,,,,
2021-07,Other,51,0.000,0.000,0.000,,,,,
2021-07,Other,119077,0.000,0.000,0.000,,,,,
2021-07,Other,118075,0.000,0.000,0.000,,,,,
2021-07,Other,120566,0.000,0.000,0.000,,,,,
2021-07,Other,17640,0.000,0.000,0.000,,,,,
2021-07,Other,104196,0.000,0.000,0.000,,,,,
2021-07,Other,110722,0.000,0.000,0.000,,,,,
2021-07,Other,146230,0.000,0.000,0.000,,,,,
2021-07,Other,160575,0.000,0.000,0.000,,,,,
2021-07,Other,1135,0.000,0.000,0.000,,,,,
2021-07,Other,802,0.000,0.000,0.000,,,,,
2021-07,Other,118028,0.000,0.000,0.000,,,,,
2021-07,Other,1789,0.000,0.000,0.000,,,,,
2021-07,Other,115104,0.000,0.000,0.000,,,,,
2021-07,Other,135263,0.000,0.000,0.000,,,,,
2021-07,Other,104159,0.000,0.001,-0.001,,,,,
2021-07,Other,369190,0.000,0.001,-0.001,,,,,
2021-07,Other,104152,0.000,0.001,-0.001,,,,,
2021-07,Other,104241,0.000,0.001,-0.001,,,,,
2021-07,Other,146549,0.000,0.001,-0.001,,,,,
2021-07,Other,1806,0.000,0.001,-0.001,,,,,
2021-07,Other,13551,0.000,0.001,-0.001,,,,,
2021-07,Other,160597,0.000,0.001,-0.001,,,,,
2021-07,Other,118014,0.000,0.001,-0.001,,,,,
2021-07,Other,118011,0.000,0.001,-0.001,,,,,
2021-07,Other,104240,0.000,0.001,-0.001,,,,,
2021-07,Other,1337,0.000,0.001,-0.001,,,,,
2021-07,Other,105,0.000,0.001,-0.001,,,,,
2021-07,Other,135259,0.000,0.002,-0.002,,,,,
2021-07,Other,1292,0.000,0.002,-0.002,,,,,
2021-07,Other,160572,0.000,0.002,-0.002,,,,,
2021-07,Other,1065,0.000,0.002,-0.002,,,,,
2021-07,Other,104872,0.000,0.003,-0.003,,,,,
2021-07,Other,801,0.000,0.003,-0.003,,,,,
2021-07,Other,146606,0.000,0.003,-0.003,,,,,
2021-07,Other,123082,0.000,0.003,-0.003,,,,,
2021-07,Other,146624,0.000,0.004,-0.004,,,,,
2021-07,Other,1100,0.000,0.006,-0.006,,,,,
2021-07,Other,146543,0.000,0.006,-0.006,,,,,
2021-07,Other,416523,0.000,0.007,-0.007,,,,,
2021-07,Other,1267,0.000,0.007,-0.007,,,,,
2021-07,Other,135220,0.000,0.011,-0.011,,,,,
2021-07,Other,1486573,0.000,0.020,-0.020,,,,,
2021-07,Other,146603,0.000,0.042,-0.042,,,,,
2021-07,Other,146537,0.000,0.338,-0.338,,,,,
2021-07,Undefined,119095,0.000,0.000,0.000,,,,,
2021-07,Undefined,146178,0.000,0.000,0.000,,,,,
2021-07,Undefined,345496,0.000,0.000,0.000,,,,,
2021-07,Undefined,559,0.000,0.000,0.000,,,,,
2021-07,Undefined,900,0.000,0.000,0.000,,,,,
2021-07,Undefined,1328,0.000,0.000,0.000,,,,,
2021-07,Undefined,1363,0.000,0.000,0.000,,,,,
2021-07,Undefined,1703,0.000,0.000,0.000,,,,,
2021-07,Undefined,17641,0.000,0.000,0.000,,,,,
2021-07,Undefined,17904,0.000,0.000,0.000,,,,,
2021-07,Undefined,100653,0.000,0.000,0.000,,,,,
2021-07,Undefined,100656,0.000,0.000,0.000,,,,,
2021-07,Undefined,101389,0.000,0.000,0.000,,,,,
2021-07,Undefined,105498,0.000,0.000,0.000,,,,,
2021-07,Undefined,105529,0.000,0.000,0.000,,,,,
2021-07,Undefined,105684,0.000,0.000,0.000,,,,,
2021-07,Undefined,109448,0.000,0.000,0.000,,,,,
2021-07,Undefined,115072,0.000,0.000,0.000,,,,,
2021-07,Undefined,120240,0.000,0.000,0.000,,,,,
2021-07,Undefined,120256,0.000,0.000,0.000,,,,,
2021-07,Undefined,122382,0.000,0.000,0.000,,,,,
2021-07,Undefined,123095,0.000,0.000,0.000,,,,,
2021-07,Undefined,123100,0.000,0.000,0.000,,,,,
2021-07,Undefined,123390,0.000,0.000,0.000,,,,,
2021-07,Undefined,125281,0.000,0.000,0.000,,,,,
2021-07,Undefined,131051,0.000,0.000,0.000,,,,,
2021-07,Undefined,131135,0.000,0.000,0.000,,,,,
2021-07,Undefined,131591,0.000,0.000,0.000,,,,,
2021-07,Undefined,131598,0.000,0.000,0.000,,,,,
2021-07,Undefined,136779,0.000,0.000,0.000,,,,,
2021-07,Undefined,138094,0.000,0.000,0.000,,,,,
2021-07,Undefined,138332,0.000,0.000,0.000,,,,,
2021-07,Undefined,138531,0.000,0.000,0.000,,,,,
2021-07,Undefined,140301,0.000,0.000,0.000,,,,,
2021-07,Undefined,141424,0.000,0.000,0.000,,,,,
2021-07,Undefined,142052,0.000,0.000,0.000,,,,,
2021-07,Undefined,142053,0.000,0.000,0.000,,,,,
2021-07,Undefined,143678,0.000,0.000,0.000,,,,,
2021-07,Undefined,146629,0.000,0.000,0.000,,,,,
2021-07,Undefined,146664,0.000,0.000,0.000,,,,,
2021-07,Undefined,146690,0.000,0.000,0.000,,,,,
2021-07,Undefined,146994,0.000,0.000,0.000,,,,,
2021-07,Undefined,151155,0.000,0.000,0.000,,,,,
2021-07,Undefined,164811,0.000,0.000,0.000,,,,,
2021-07,Undefined,178464,0.000,0.000,0.000,,,,,
2021-07,Undefined,178852,0.000,0.000,0.000,,,,,
2021-07,Undefined,232245,0.000,0.000,0.000,,,,,
2021-07,Undefined,233123,0.000,0.000,0.000,,,,,
2021-07,Undefined,234499,0.000,0.000,0.000,,,,,
2021-07,Undefined,240747,0.000,0.000,0.000,,,,,
2021-07,Undefined,246597,0.000,0.000,0.000,,,,,
2021-07,Undefined,330923,0.000,0.000,0.000,,,,,
2021-07,Undefined,341320,0.000,0.000,0.000,,,,,
2021-07,Undefined,341339,0.000,0.000,0.000,,,,,
2021-07,Undefined,345508,0.000,0.000,0.000,,,,,
2021-07,Undefined,345522,0.000,0.000,0.000,,,,,
2021-07,Undefined,368677,0.000,0.000,0.000,,,,,
2021-07,Undefined,368680,0.000,0.000,0.000,,,,,
2021-07,Undefined,368883,0.000,0.000,0.000,,,,,
2021-07,Undefined,369377,0.000,0.000,0.000,,,,,
2021-07,Undefined,369536,0.000,0.000,0.000,,,,,
2021-07,Undefined,370179,0.000,0.000,0.000,,,,,
2021-07,Undefined,375881,0.000,0.000,0.000,,,,,
2021-07,Undefined,393226,0.000,0.000,0.000,,,,,
2021-07,Undefined,394974,0.000,0.000,0.000,,,,,
2021-07,Undefined,415247,0.000,0.000,0.000,,,,,
2021-07,Undefined,489103,0.000,0.000,0.000,,,,,
2021-07,Undefined,562837,0.000,0.000,0.000,,,,,
2021-07,Undefined,577669,0.000,0.000,0.000,,,,,
2021-07,Undefined,590566,0.000,0.000,0.000,,,,,
2021-07,Undefined,593144,0.000,0.000,0.000,,,,,
2021-07,Undefined,593145,0.000,0.000,0.000,,,,,
2021-07,Undefined,593689,0.000,0.000,0.000,,,,,
2021-07,Undefined,600913,0.000,0.000,0.000,,,,,
2021-07,Undefined,602841,0.000,0.000,0.000,,,,,
2021-07,Undefined,603281,0.000,0.000,0.000,,,,,
2021-07,Undefined,608215,0.000,0.000,0.000,,,,,
2021-07,Undefined,707585,0.000,0.000,0.000,,,,,
2021-07,Undefined,731848,0.000,0.000,0.000,,,,,
2021-07,Undefined,836638,0.000,0.000,0.000,,,,,
2021-07,Undefined,872089,0.000,0.000,0.000,,,,,
2021-07,Undefined,886441,0.000,0.000,0.000,,,,,
2021-07,Undefined,886443,0.000,0.000,0.000,,,,,
2021-07,Undefined,989492,0.000,0.000,0.000,,,,,
2021-07,Undefined,990780,0.000,0.000,0.000,,,,,
2021-07,Undefined,993876,0.000,0.000,0.000,,,,,
2021-07,Undefined,1293730,0.000,0.000,0.000,,,,,
2021-07,Undefined,1490136,0.000,0.000,0.000,,,,,
2021-07,Undefined,1491074,0.000,0.000,0.000,,,,,
2021-07,Undefined,1535025,0.000,0.000,0.000,,,,,
2021-07,Undefined,1736253,0.000,0.000,0.000,,,,,
2021-07,Undefined,1736973,0.000,0.000,0.000,,,,,
2021-07,Undefined,1737154,0.000,0.000,0.000,,,,,
2021-07,Undefined,1845324,0.000,0.000,0.000,,,,,
2021-07,Undefined,852,0.000,0.000,0.000,,,,,
2021-07,Undefined,889,0.000,0.000,0.000,,,,,
2021-07,Undefined,17663,0.000,0.000,0.000,,,,,
2021-07,Undefined,101194,0.000,0.000,0.000,,,,,
2021-07,Undefined,101212,0.000,0.000,0.000,,,,,
2021-07,Undefined,118022,0.000,0.000,0.000,,,,,
2021-07,Undefined,118085,0.000,0.000,0.000,,,,,
2021-07,Undefined,131599,0.000,0.000,0.000,,,,,
2021-07,Undefined,138341,0.000,0.000,0.000,,,,,
2021-07,Undefined,141641,0.000,0.000,0.000,,,,,
2021-07,Undefined,143947,0.000,0.000,0.000,,,,,
2021-07,Undefined,146200,0.000,0.000,0.000,,,,,
2021-07,Undefined,148372,0.000,0.000,0.000,,,,,
2021-07,Undefined,149064,0.000,0.000,0.000,,,,,
2021-07,Undefined,149389,0.000,0.000,0.000,,,,,
2021-07,Undefined,162949,0.000,0.000,0.000,,,,,
2021-07,Undefined,178599,0.000,0.000,0.000,,,,,
2021-07,Undefined,196347,0.000,0.000,0.000,,,,,
2021-07,Undefined,231814,0.000,0.000,0.000,,,,,
2021-07,Undefined,234024,0.000,0.000,0.000,,,,,
2021-07,Undefined,234099,0.000,0.000,0.000,,,,,
2021-07,Undefined,248107,0.000,0.000,0.000,,,,,
2021-07,Undefined,265044,0.000,0.000,0.000,,,,,
2021-07,Undefined,292892,0.000,0.000,0.000,,,,,
2021-07,Undefined,345489,0.000,0.000,0.000,,,,,
2021-07,Undefined,348013,0.000,0.000,0.000,,,,,
2021-07,Undefined,368670,0.000,0.000,0.000,,,,,
2021-07,Undefined,368685,0.000,0.000,0.000,,,,,
2021-07,Undefined,368706,0.000,0.000,0.000,,,,,
2021-07,Undefined,368876,0.000,0.000,0.000,,,,,
2021-07,Undefined,370098,0.000,0.000,0.000,,,,,
2021-07,Undefined,394981,0.000,0.000,0.000,,,,,
2021-07,Undefined,426042,0.000,0.000,0.000,,,,,
2021-07,Undefined,494187,0.000,0.000,0.000,,,,,
2021-07,Undefined,547449,0.000,0.000,0.000,,,,,
2021-07,Undefined,562788,0.000,0.000,0.000,,,,,
2021-07,Undefined,573354,0.000,0.000,0.000,,,,,
2021-07,Undefined,591219,0.000,0.000,0.000,,,,,
2021-07,Undefined,606122,0.000,0.000,0.000,,,,,
2021-07,Undefined,1308659,0.000,0.000,0.000,,,,,
2021-07,Undefined,1490166,0.000,0.000,0.000,,,,,
2021-07,Undefined,1492531,0.000,0.000,0.000,,,,,
2021-07,Undefined,1635533,0.000,0.000,0.000,,,,,
2021-07,Undefined,1661048,0.000,0.000,0.000,,,,,
2021-07,Undefined,1782467,0.000,0.000,0.000,,,,,
2021-07,Undefined,845,0.000,0.000,0.000,,,,,
2021-07,Undefined,901,0.000,0.000,0.000,,,,,
2021-07,Undefined,988,0.000,0.000,0.000,,,,,
2021-07,Undefined,1251,0.000,0.000,0.000,,,,,
2021-07,Undefined,2138,0.000,0.000,0.000,,,,,
2021-07,Undefined,2143,0.000,0.000,0.000,,,,,
2021-07,Undefined,2851,0.000,0.000,0.000,,,,,
2021-07,Undefined,17903,0.000,0.000,0.000,,,,,
2021-07,Undefined,101679,0.000,0.000,0.000,,,,,
2021-07,Undefined,104913,0.000,0.000,0.000,,,,,
2021-07,Undefined,118084,0.000,0.000,0.000,,,,,
2021-07,Undefined,127503,0.000,0.000,0.000,,,,,
2021-07,Undefined,131593,0.000,0.000,0.000,,,,,
2021-07,Undefined,134937,0.000,0.000,0.000,,,,,
2021-07,Undefined,135239,0.000,0.000,0.000,,,,,
2021-07,Undefined,136745,0.000,0.000,0.000,,,,,
2021-07,Undefined,138474,0.000,0.000,0.000,,,,,
2021-07,Undefined,140767,0.000,0.000,0.000,,,,,
2021-07,Undefined,143771,0.000,0.000,0.000,,,,,
2021-07,Undefined,146608,0.000,0.000,0.000,,,,,
2021-07,Undefined,146639,0.000,0.000,0.000,,,,,
2021-07,Undefined,157664,0.000,0.000,0.000,,,,,
2021-07,Undefined,206594,0.000,0.000,0.000,,,,,
2021-07,Undefined,345501,0.000,0.000,0.000,,,,,
2021-07,Undefined,387397,0.000,0.000,0.000,,,,,
2021-07,Undefined,390772,0.000,0.000,0.000,,,,,
2021-07,Undefined,394012,0.000,0.000,0.000,,,,,
2021-07,Undefined,394964,0.000,0.000,0.000,,,,,
2021-07,Undefined,414225,0.000,0.000,0.000,,,,,
2021-07,Undefined,425754,0.000,0.000,0.000,,,,,
2021-07,Undefined,591248,0.000,0.000,0.000,,,,,
2021-07,Undefined,623449,0.000,0.000,0.000,,,,,
2021-07,Undefined,707630,0.000,0.000,0.000,,,,,
2021-07,Undefined,761390,0.000,0.000,0.000,,,,,
2021-07,Undefined,888636,0.000,0.000,0.000,,,,,
2021-07,Undefined,1640666,0.000,0.000,0.000,,,,,
2021-07,Undefined,1653567,0.000,0.000,0.000,,,,,
2021-07,Undefined,1731732,0.000,0.000,0.000,,,,,
2021-07,Undefined,230,0.000,0.000,0.000,,,,,
2021-07,Undefined,820,0.000,0.000,0.000,,,,,
2021-07,Undefined,129625,0.000,0.000,0.000,,,,,
2021-07,Undefined,135240,0.000,0.000,0.000,,,,,
2021-07,Undefined,135241,0.000,0.000,0.000,,,,,
2021-07,Undefined,142210,0.000,0.000,0.000,,,,,
2021-07,Undefined,182702,0.000,0.000,0.000,,,,,
2021-07,Undefined,232248,0.000,0.000,0.000,,,,,
2021-07,Undefined,414691,0.000,0.000,0.000,,,,,
2021-07,Undefined,479175,0.000,0.000,0.000,,,,,
2021-07,Undefined,563357,0.000,0.000,0.000,,,,,
2021-07,Undefined,577659,0.000,0.000,0.000,,,,,
2021-07,Undefined,581514,0.000,0.000,0.000,,,,,
2021-07,Undefined,582464,0.000,0.000,0.000,,,,,
2021-07,Undefined,591137,0.000,0.000,0.000,,,,,
2021-07,Undefined,872070,0.000,0.000,0.000,,,,,
2021-07,Undefined,1486549,0.000,0.000,0.000,,,,,
2021-07,Undefined,1736974,0.000,0.000,0.000,,,,,
2021-07,Undefined,2853,0.000,0.000,0.000,,,,,
2021-07,Undefined,22565,0.000,0.000,0.000,,,,,
2021-07,Undefined,22613,0.000,0.000,0.000,,,,,
2021-07,Undefined,117092,0.000,0.000,0.000,,,,,
2021-07,Undefined,142793,0.000,0.000,0.000,,,,,
2021-07,Undefined,146665,0.000,0.000,0.000,,,,,
2021-07,Undefined,156961,0.000,0.000,0.000,,,,,
2021-07,Undefined,175582,0.000,0.000,0.000,,,,,
2021-07,Undefined,216498,0.000,0.000,0.000,,,,,
2021-07,Undefined,235815,0.000,0.000,0.000,,,,,
2021-07,Undefined,292895,0.000,0.000,0.000,,,,,
2021-07,Undefined,345515,0.000,0.000,0.000,,,,,
2021-07,Undefined,368882,0.000,0.000,0.000,,,,,
2021-07,Undefined,414688,0.000,0.000,0.000,,,,,
2021-07,Undefined,493882,0.000,0.000,0.000,,,,,
2021-07,Undefined,582176,0.000,0.000,0.000,,,,,
2021-07,Undefined,591176,0.000,0.000,0.000,,,,,
2021-07,Undefined,730531,0.000,0.000,0.000,,,,,
2021-07,Undefined,730533,0.000,0.000,0.000,,,,,
2021-07,Undefined,730535,0.000,0.000,0.000,,,,,
2021-07,Undefined,886455,0.000,0.000,0.000,,,,,
2021-07,Undefined,993874,0.000,0.000,0.000,,,,,
2021-07,Undefined,1300,0.000,0.000,0.000,,,,,
2021-07,Undefined,109399,0.000,0.000,0.000,,,,,
2021-07,Undefined,118045,0.000,0.000,0.000,,,,,
2021-07,Undefined,148983,0.000,0.000,0.000,,,,,
2021-07,Undefined,382434,0.000,0.000,0.000,,,,,
2021-07,Undefined,413963,0.000,0.000,0.000,,,,,
2021-07,Undefined,414889,0.000,0.000,0.000,,,,,
2021-07,Undefined,426331,0.000,0.000,0.000,,,,,
2021-07,Undefined,537231,0.000,0.000,0.000,,,,,
2021-07,Undefined,582197,0.000,0.000,0.000,,,,,
2021-07,Undefined,582219,0.000,0.000,0.000,,,,,
2021-07,Undefined,837989,0.000,0.000,0.000,,,,,
2021-07,Undefined,1736280,0.000,0.000,0.000,,,,,
2021-07,Undefined,892,0.000,0.000,0.000,,,,,
2021-07,Undefined,123101,0.000,0.000,0.000,,,,,
2021-07,Undefined,146174,0.000,0.000,0.000,,,,,
2021-07,Undefined,147183,0.000,0.000,0.000,,,,,
2021-07,Undefined,162991,0.000,0.000,0.000,,,,,
2021-07,Undefined,178544,0.000,0.000,0.000,,,,,
2021-07,Undefined,231813,0.000,0.000,0.000,,,,,
2021-07,Undefined,334421,0.000,0.000,0.000,,,,,
2021-07,Undefined,666434,0.000,0.000,0.000,,,,,
2021-07,Undefined,707553,0.000,0.000,0.000,,,,,
2021-07,Undefined,558,0.000,0.000,0.000,,,,,
2021-07,Undefined,1603,0.000,0.000,0.000,,,,,
2021-07,Undefined,1803,0.000,0.000,0.000,,,,,
2021-07,Undefined,8038,0.000,0.000,0.000,,,,,
2021-07,Undefined,16236,0.000,0.000,0.000,,,,,
2021-07,Undefined,22563,0.000,0.000,0.000,,,,,
2021-07,Undefined,146612,0.000,0.000,0.000,,,,,
2021-07,Undefined,390088,0.000,0.000,0.000,,,,,
2021-07,Undefined,415511,0.000,0.000,0.000,,,,,
2021-07,Undefined,493835,0.000,0.000,0.000,,,,,
2021-07,Undefined,577660,0.000,0.000,0.000,,,,,
2021-07,Undefined,600783,0.000,0.000,0.000,,,,,
2021-07,Undefined,606128,0.000,0.000,0.000,,,,,
2021-07,Undefined,836365,0.000,0.000,0.000,,,,,
2021-07,Undefined,872090,0.000,0.000,0.000,,,,,
2021-07,Undefined,1653529,0.000,0.000,0.000,,,,,
2021-07,Undefined,844,0.000,0.000,0.000,,,,,
2021-07,Undefined,160574,0.000,0.000,0.000,,,,,
2021-07,Undefined,393201,0.000,0.000,0.000,,,,,
2021-07,Undefined,582427,0.000,0.000,0.000,,,,,
2021-07,Undefined,762062,0.000,0.000,0.000,,,,,
2021-07,Undefined,837382,0.000,0.000,0.000,,,,,
2021-07,Undefined,22624,0.000,0.000,0.000,,,,,
2021-07,Undefined,120565,0.000,0.000,0.000,,,,,
2021-07,Undefined,141433,0.000,0.000,0.000,,,,,
2021-07,Undefined,155670,0.000,0.000,0.000,,,,,
2021-07,Undefined,237586,0.000,0.000,0.000,,,,,
2021-07,Undefined,345483,0.000,0.000,0.000,,,,,
2021-07,Undefined,449151,0.000,0.000,0.000,,,,,
2021-07,Undefined,888637,0.000,0.000,0.000,,,,,
2021-07,Undefined,1365,0.000,0.000,0.000,,,,,
2021-07,Undefined,118089,0.000,0.000,0.000,,,,,
2021-07,Undefined,146216,0.000,0.000,0.000,,,,,
2021-07,Undefined,196245,0.000,0.000,0.000,,,,,
2021-07,Undefined,368674,0.000,0.000,0.000,,,,,
2021-07,Undefined,573266,0.000,0.000,0.000,,,,,
2021-07,Undefined,730536,0.000,0.000,0.000,,,,,
2021-07,Undefined,1781,0.000,0.000,0.000,,,,,
2021-07,Undefined,355663,0.000,0.000,0.000,,,,,
2021-07,Undefined,1731513,0.000,0.000,0.000,,,,,
2021-07,Undefined,104081,0.000,0.000,0.000,,,,,
2021-07,Undefined,122303,0.000,0.000,0.000,,,,,
2021-07,Undefined,591246,0.000,0.000,0.000,,,,,
2021-07,Undefined,830,0.000,0.000,0.000,,,,,
2021-07,Undefined,22156,0.000,0.000,0.000,,,,,
2021-07,Undefined,23157,0.000,0.000,0.000,,,,,
2021-07,Undefined,394011,0.000,0.000,0.000,,,,,
2021-07,Undefined,414693,0.000,0.000,0.000,,,,,
2021-07,Undefined,851649,0.000,0.000,0.000,,,,,
2021-07,Undefined,117254,0.000,0.000,0.000,,,,,
2021-07,Undefined,341585,0.000,0.000,0.000,,,,,
2021-07,Undefined,601384,0.000,0.000,0.000,,,,,
2021-07,Undefined,836357,0.000,0.000,0.000,,,,,
2021-07,Undefined,146582,0.000,0.000,0.000,,,,,
2021-07,Undefined,104093,0.000,0.000,0.000,,,,,
2021-07,Undefined,573888,0.000,0.000,0.000,,,,,
2021-07,Undefined,582205,0.000,0.000,0.000,,,,,
2021-07,Undefined,101397,0.000,0.000,0.000,,,,,
2021-07,Undefined,101571,0.000,0.000,0.000,,,,,
2021-07,Undefined,394869,0.000,0.000,0.000,,,,,
2021-07,Undefined,562786,0.000,0.000,0.000,,,,,
2021-07,Undefined,591251,0.000,0.000,0.000,,,,,
2021-07,Undefined,1492701,0.000,0.000,0.000,,,,,
2021-07,Undefined,836366,0.000,0.000,0.000,,,,,
2021-07,Undefined,101064,0.000,0.000,0.000,,,,,
2021-07,Undefined,580117,0.000,0.000,0.000,,,,,
2021-07,Undefined,562852,0.000,0.000,0.000,,,,,
2021-07,Undefined,102431,0.000,0.000,0.000,,,,,
2021-07,Undefined,235814,0.000,0.000,0.000,,,,,
2021-07,Undefined,235816,0.000,0.000,0.000,,,,,
2021-07,Undefined,591250,0.000,0.000,0.000,,,,,
2021-07,Undefined,599623,0.000,0.000,0.000,,,,,
2021-07,Undefined,178510,0.000,0.000,0.000,,,,,
2021-07,Undefined,235812,0.000,0.000,0.000,,,,,
2021-07,Undefined,146548,0.000,0.000,0.000,,,,,
2021-07,Undefined,22724,0.000,0.000,0.000,,,,,
2021-07,Undefined,118086,0.000,0.000,0.000,,,,,
2021-07,Undefined,102438,0.000,0.001,-0.001,,,,,
2021-07,Undefined,742628,0.000,0.001,-0.001,,,,,
2021-07,Undefined,1307,0.000,0.001,-0.001,,,,,
2021-07,Undefined,234035,0.000,0.001,-0.001,,,,,
2021-07,Undefined,104079,0.000,0.001,-0.001,,,,,
2021-07,Undefined,1492698,0.000,0.001,-0.001,,,,,
2021-07,Undefined,175581,0.000,0.001,-0.001,,,,,
2021-07,Undefined,287209,0.000,0.001,-0.001,,,,,
2021-07,Undefined,345523,0.000,0.001,-0.001,,,,,
2021-07,Undefined,886453,0.000,0.001,-0.001,,,,,
2021-07,Undefined,135261,0.000,0.001,-0.001,,,,,
2021-07,Undefined,1348,0.000,0.001,-0.001,,,,,
2021-07,Undefined,536202,0.000,0.001,-0.001,,,,,
2021-07,Undefined,591238,0.000,0.001,-0.001,,,,,
2021-07,Undefined,1653503,0.000,0.001,-0.001,,,,,
2021-07,Undefined,118088,0.000,0.001,-0.001,,,,,
2021-07,Undefined,836372,0.000,0.001,-0.001,,,,,
2021-07,Undefined,104106,0.000,0.001,-0.001,,,,,
2021-07,Undefined,292894,0.000,0.001,-0.001,,,,,
2021-07,Undefined,573250,0.000,0.001,-0.001,,,,,
2021-07,Undefined,1476515,0.000,0.001,-0.001,,,,,
2021-07,Undefined,391862,0.000,0.001,-0.001,,,,,
2021-07,Undefined,120662,0.000,0.001,-0.001,,,,,
2021-07,Undefined,146544,0.000,0.001,-0.001,,,,,
2021-07,Undefined,146712,0.000,0.001,-0.001,,,,,
2021-07,Undefined,1360,0.000,0.001,-0.001,,,,,
2021-07,Undefined,234036,0.000,0.001,-0.001,,,,,
2021-07,Undefined,590699,0.000,0.002,-0.002,,,,,
2021-07,Undefined,345549,0.000,0.002,-0.002,,,,,
2021-07,Undefined,603184,0.000,0.002,-0.002,,,,,
2021-07,Undefined,146584,0.000,0.003,-0.003,,,,,
2021-07,Undefined,612111,0.000,0.003,-0.003,,,,,
2021-07,Undefined,1656682,0.000,0.003,-0.003,,,,,
2021-07,Undefined,536191,0.000,0.004,-0.004,,,,,
2021-07,Undefined,160573,0.000,0.004,-0.004,,,,,
2021-07,Undefined,182757,0.000,0.004,-0.004,,,,,
2021-07,Undefined,146213,0.000,0.004,-0.004,,,,,
2021-07,Undefined,160570,0.000,0.004,-0.004,,,,,
2021-07,Undefined,135225,0.000,0.005,-0.005,,,,,
2021-07,Undefined,368663,0.000,0.006,-0.006,,,,,
2021-07,Undefined,149067,0.000,0.011,-0.011,,,,,
2021-07,Undefined,889925,0.000,0.012,-0.012,,,,,
2021-07,Undefined,146547,0.000,0.137,-0.137,,,,,
2021-07,Undefined,345514,0.000,0.139,-0.139,,,,,
2021-08,Diatom,148969,0.190,0.000,0.190,,,,,
2021-08,Diatom,149151,0.172,0.000,0.172,,,,,
2021-08,Diatom,149023,0.135,0.000,0.134,,,,,
2021-08,Diatom,148899,0.150,0.028,0.122,,,,,
2021-08,Diatom,149130,0.115,0.010,0.105,,,,,
2021-08,Diatom,149069,0.078,0.002,0.076,,,,,
2021-08,Diatom,148985,0.041,0.002,0.039,,,,,
2021-08,Diatom,149322,0.023,0.000,0.023,,,,,
2021-08,Diatom,149132,0.019,0.000,0.018,,,,,
2021-08,Diatom,447730,0.015,0.000,0.015,,,,,
2021-08,Diatom,591192,0.012,0.000,0.012,,,,,
2021-08,Diatom,162969,0.004,0.000,0.004,,,,,
2021-08,Diatom,836581,0.003,0.000,0.003,,,,,
2021-08,Diatom,149655,0.002,0.000,0.002,,,,,
2021-08,Diatom,345491,0.002,0.000,0.002,,,,,
2021-08,Diatom,1322468,0.002,0.000,0.002,,,,,
2021-08,Diatom,149271,0.002,0.000,0.002,,,,,
2021-08,Diatom,148971,0.001,0.000,0.001,,,,,
2021-08,Diatom,149118,0.001,0.000,0.001,,,,,
2021-08,Diatom,149280,0.001,0.000,0.001,,,,,
2021-08,Diatom,149068,0.006,0.005,0.001,,,,,
2021-08,Diatom,149061,0.000,0.000,0.000,,,,,
2021-08,Diatom,148911,0.000,0.000,0.000,,,,,
2021-08,Diatom,148981,0.000,0.000,0.000,,,,,
2021-08,Diatom,149011,0.000,0.000,0.000,,,,,
2021-08,Diatom,149031,0.000,0.000,0.000,,,,,
2021-08,Diatom,149037,0.000,0.000,0.000,,,,,
2021-08,Diatom,149054,0.000,0.000,0.000,,,,,
2021-08,Diatom,149055,0.000,0.000,0.000,,,,,
2021-08,Diatom,149137,0.000,0.000,0.000,,,,,
2021-08,Diatom,149291,0.000,0.000,0.000,,,,,
2021-08,Diatom,149630,0.000,0.000,0.000,,,,,
2021-08,Diatom,156617,0.000,0.000,0.000,,,,,
2021-08,Diatom,148998,0.000,0.000,0.000,,,,,
2021-08,Diatom,149032,0.000,0.000,0.000,,,,,
2021-08,Diatom,149092,0.000,0.000,0.000,,,,,
2021-08,Diatom,149158,0.000,0.000,0.000,,,,,
2021-08,Diatom,149631,0.000,0.000,0.000,,,,,
2021-08,Diatom,148909,0.000,0.000,0.000,,,,,
2021-08,Diatom,149144,0.000,0.000,0.000,,,,,
2021-08,Diatom,149145,0.000,0.000,0.000,,,,,
2021-08,Diatom,149311,0.000,0.000,0.000,,,,,
2021-08,Diatom,450619,0.000,0.000,0.000,,,,,
2021-08,Diatom,148947,0.000,0.000,0.000,,,,,
2021-08,Diatom,148965,0.000,0.000,0.000,,,,,
2021-08,Diatom,148952,0.000,0.000,0.000,,,,,
2021-08,Diatom,148967,0.000,0.000,0.000,,,,,
2021-08,Diatom,149106,0.000,0.000,0.000,,,,,
2021-08,Diatom,149165,0.000,0.000,0.000,,,,,
2021-08,Diatom,148944,0.000,0.000,0.000,,,,,
2021-08,Diatom,149179,0.000,0.000,0.000,,,,,
2021-08,Diatom,149181,0.000,0.000,0.000,,,,,
2021-08,Diatom,149010,0.000,0.000,0.000,,,,,
2021-08,Diatom,149065,0.000,0.000,0.000,,,,,
2021-08,Diatom,148994,0.000,0.000,0.000,,,,,
2021-08,Diatom,149003,0.000,0.000,0.000,,,,,
2021-08,Diatom,149116,0.000,0.000,0.000,,,,,
2021-08,Diatom,149022,0.000,0.000,0.000,,,,,
2021-08,Diatom,149619,0.000,0.000,0.000,,,,,
2021-08,Diatom,149004,0.000,0.000,0.000,,,,,
2021-08,Diatom,149234,0.000,0.000,0.000,,,,,
2021-08,Diatom,148934,0.000,0.000,0.000,,,,,
2021-08,Diatom,148917,0.000,0.000,0.000,,,,,
2021-08,Diatom,149045,0.000,0.000,0.000,,,,,
2021-08,Diatom,149122,0.000,0.000,0.000,,,,,
2021-08,Diatom,149135,0.000,0.000,0.000,,,,,
2021-08,Diatom,149038,0.000,0.000,0.000,,,,,
2021-08,Diatom,149233,0.000,0.000,0.000,,,,,
2021-08,Diatom,149313,0.000,0.000,0.000,,,,,
2021-08,Diatom,148905,0.000,0.000,0.000,,,,,
2021-08,Diatom,175584,0.000,0.000,0.000,,,,,
2021-08,Diatom,148916,0.000,0.000,0.000,,,,,
2021-08,Diatom,149021,0.000,0.001,-0.001,,,,,
2021-08,Diatom,149039,0.000,0.001,-0.001,,,,,
2021-08,Diatom,149112,0.000,0.001,-0.001,,,,,
2021-08,Diatom,149241,0.000,0.001,-0.001,,,,,
2021-08,Diatom,149236,0.000,0.001,-0.001,,,,,
2021-08,Diatom,149113,0.000,0.001,-0.001,,,,,
2021-08,Diatom,149134,0.000,0.001,-0.001,,,,,
2021-08,Diatom,149015,0.000,0.001,-0.001,,,,,
2021-08,Diatom,148984,0.000,0.001,-0.001,,,,,
2021-08,Diatom,149219,0.000,0.001,-0.001,,,,,
2021-08,Diatom,148963,0.000,0.002,-0.002,,,,,
2021-08,Diatom,149001,0.000,0.002,-0.002,,,,,
2021-08,Diatom,172418,0.000,0.002,-0.002,,,,,
2021-08,Diatom,149002,0.000,0.003,-0.003,,,,,
2021-08,Diatom,149073,0.000,0.003,-0.003,,,,,
2021-08,Diatom,149115,0.000,0.003,-0.003,,,,,
2021-08,Diatom,148904,0.000,0.003,-0.003,,,,,
2021-08,Diatom,149111,0.000,0.003,-0.003,,,,,
2021-08,Diatom,148912,0.000,0.006,-0.006,,,,,
2021-08,Diatom,148900,0.000,0.012,-0.012,,,,,
2021-08,Diatom,148903,0.000,0.021,-0.021,,,,,
2021-08,Diatom,148898,0.000,0.054,-0.054,,,,,
2021-08,Dinoflagellate,840626,0.015,0.000,0.015,,,,,
2021-08,Dinoflagellate,494057,0.003,0.000,0.003,,,,,
2021-08,Dinoflagellate,110247,0.002,0.000,0.002,,,,,
2021-08,Dinoflagellate,109393,0.002,0.000,0.002,,,,,
2021-08,Dinoflagellate,109553,0.001,0.001,0.000,,,,,
2021-08,Dinoflagellate,109408,0.000,0.000,0.000,,,,,
2021-08,Dinoflagellate,109421,0.000,0.000,0.000,,,,,
2021-08,Dinoflagellate,109894,0.000,0.000,0.000,,,,,
2021-08,Dinoflagellate,110208,0.000,0.000,0.000,,,,,
2021-08,Dinoflagellate,148915,0.000,0.000,0.000,,,,,
2021-08,Dinoflagellate,163862,0.000,0.000,0.000,,,,,
2021-08,Dinoflagellate,231790,0.000,0.000,0.000,,,,,
2021-08,Dinoflagellate,599664,0.000,0.000,0.000,,,,,
2021-08,Dinoflagellate,109504,0.000,0.000,0.000,,,,,
2021-08,Dinoflagellate,231793,0.000,0.000,0.000,,,,,
2021-08,Dinoflagellate,109390,0.000,0.000,0.000,,,,,
2021-08,Dinoflagellate,231799,0.000,0.000,0.000,,,,,
2021-08,Dinoflagellate,624607,0.000,0.000,0.000,,,,,
2021-08,Dinoflagellate,109418,0.000,0.000,0.000,,,,,
2021-08,Dinoflagellate,109485,0.000,0.000,0.000,,,,,
2021-08,Dinoflagellate,110152,0.000,0.000,0.000,,,,,
2021-08,Dinoflagellate,110303,0.000,0.000,0.000,,,,,
2021-08,Dinoflagellate,109492,0.000,0.000,0.000,,,,,
2021-08,Dinoflagellate,109500,0.000,0.000,0.000,,,,,
2021-08,Dinoflagellate,109540,0.000,0.000,0.000,,,,,
2021-08,Dinoflagellate,109438,0.000,0.000,0.000,,,,,
2021-08,Dinoflagellate,231789,0.000,0.000,0.000,,,,,
2021-08,Dinoflagellate,109428,0.000,0.000,0.000,,,,,
2021-08,Dinoflagellate,232861,0.000,0.000,0.000,,,,,
2021-08,Dinoflagellate,109470,0.000,0.000,0.000,,,,,
2021-08,Dinoflagellate,109467,0.000,0.000,0.000,,,,,
2021-08,Dinoflagellate,109477,0.000,0.000,0.000,,,,,
2021-08,Dinoflagellate,109474,0.000,0.000,0.000,,,,,
2021-08,Dinoflagellate,109478,0.000,0.000,0.000,,,,,
2021-08,Dinoflagellate,231787,0.000,0.000,0.000,,,,,
2021-08,Dinoflagellate,110248,0.000,0.000,0.000,,,,,
2021-08,Dinoflagellate,604918,0.000,0.000,0.000,,,,,
2021-08,Dinoflagellate,232785,0.000,0.000,0.000,,,,,
2021-08,Dinoflagellate,246598,0.000,0.000,0.000,,,,,
2021-08,Dinoflagellate,109899,0.000,0.000,0.000,,,,,
2021-08,Dinoflagellate,109391,0.000,0.000,0.000,,,,,
2021-08,Dinoflagellate,109921,0.000,0.000,0.000,,,,,
2021-08,Dinoflagellate,232546,0.000,0.000,0.000,,,,,
2021-08,Dinoflagellate,109476,0.000,0.001,-0.001,,,,,
2021-08,Dinoflagellate,110213,0.000,0.001,-0.001,,,,,
2021-08,Dinoflagellate,110260,0.000,0.001,-0.001,,,,,
2021-08,Dinoflagellate,232716,0.000,0.001,-0.001,,,,,
2021-08,Dinoflagellate,110216,0.000,0.001,-0.001,,,,,
2021-08,Dinoflagellate,110229,0.000,0.001,-0.001,,,,,
2021-08,Dinoflagellate,109442,0.000,0.002,-0.002,,,,,
2021-08,Dinoflagellate,109396,0.000,0.002,-0.002,,,,,
2021-08,Dinoflagellate,109784,0.000,0.002,-0.002,,,,,
2021-08,Dinoflagellate,109435,0.000,0.002,-0.002,,,,,
2021-08,Dinoflagellate,109394,0.000,0.002,-0.002,,,,,
2021-08,Dinoflagellate,494056,0.000,0.002,-0.002,,,,,
2021-08,Dinoflagellate,109392,0.000,0.003,-0.003,,,,,
2021-08,Dinoflagellate,109566,0.000,0.003,-0.003,,,,,
2021-08,Dinoflagellate,109410,0.000,0.008,-0.008,,,,,
2021-08,Dinoflagellate,109475,0.000,0.008,-0.008,,,,,
2021-08,Dinoflagellate,19542,0.000,0.140,-0.140,,,,,
2021-08,Other,146557,0.000,0.000,0.000,,,,,
2021-08,Other,824,0.000,0.000,0.000,,,,,
2021-08,Other,1080,0.000,0.000,0.000,,,,,
2021-08,Other,1371,0.000,0.000,0.000,,,,,
2021-08,Other,1410,0.000,0.000,0.000,,,,,
2021-08,Other,1820,0.000,0.000,0.000,,,,,
2021-08,Other,22556,0.000,0.000,0.000,,,,,
2021-08,Other,104241,0.000,0.000,0.000,,,,,
2021-08,Other,105506,0.000,0.000,0.000,,,,,
2021-08,Other,105557,0.000,0.000,0.000,,,,,
2021-08,Other,105571,0.000,0.000,0.000,,,,,
2021-08,Other,134524,0.000,0.000,0.000,,,,,
2021-08,Other,134530,0.000,0.000,0.000,,,,,
2021-08,Other,134563,0.000,0.000,0.000,,,,,
2021-08,Other,183533,0.000,0.000,0.000,,,,,
2021-08,Other,291417,0.000,0.000,0.000,,,,,
2021-08,Other,292897,0.000,0.000,0.000,,,,,
2021-08,Other,886288,0.000,0.000,0.000,,,,,
2021-08,Other,117030,0.000,0.000,0.000,,,,,
2021-08,Other,2081,0.000,0.000,0.000,,,,,
2021-08,Other,14355,0.000,0.000,0.000,,,,,
2021-08,Other,105410,0.000,0.000,0.000,,,,,
2021-08,Other,106282,0.000,0.000,0.000,,,,,
2021-08,Other,106346,0.000,0.000,0.000,,,,,
2021-08,Other,118027,0.000,0.000,0.000,,,,,
2021-08,Other,118073,0.000,0.000,0.000,,,,,
2021-08,Other,129437,0.000,0.000,0.000,,,,,
2021-08,Other,157680,0.000,0.000,0.000,,,,,
2021-08,Other,160584,0.000,0.000,0.000,,,,,
2021-08,Other,177588,0.000,0.000,0.000,,,,,
2021-08,Other,178594,0.000,0.000,0.000,,,,,
2021-08,Other,247944,0.000,0.000,0.000,,,,,
2021-08,Other,248096,0.000,0.000,0.000,,,,,
2021-08,Other,249725,0.000,0.000,0.000,,,,,
2021-08,Other,292896,0.000,0.000,0.000,,,,,
2021-08,Other,562628,0.000,0.000,0.000,,,,,
2021-08,Other,601744,0.000,0.000,0.000,,,,,
2021-08,Other,670030,0.000,0.000,0.000,,,,,
2021-08,Other,1320351,0.000,0.000,0.000,,,,,
2021-08,Other,1606,0.000,0.000,0.000,,,,,
2021-08,Other,13551,0.000,0.000,0.000,,,,,
2021-08,Other,14260,0.000,0.000,0.000,,,,,
2021-08,Other,134545,0.000,0.000,0.000,,,,,
2021-08,Other,146541,0.000,0.000,0.000,,,,,
2021-08,Other,157258,0.000,0.000,0.000,,,,,
2021-08,Other,247913,0.000,0.000,0.000,,,,,
2021-08,Other,247915,0.000,0.000,0.000,,,,,
2021-08,Other,799,0.000,0.000,0.000,,,,,
2021-08,Other,1806,0.000,0.000,0.000,,,,,
2021-08,Other,104159,0.000,0.000,0.000,,,,,
2021-08,Other,105541,0.000,0.000,0.000,,,,,
2021-08,Other,106485,0.000,0.000,0.000,,,,,
2021-08,Other,115058,0.000,0.000,0.000,,,,,
2021-08,Other,117535,0.000,0.000,0.000,,,,,
2021-08,Other,135220,0.000,0.000,0.000,,,,,
2021-08,Other,233776,0.000,0.000,0.000,,,,,
2021-08,Other,793,0.000,0.000,0.000,,,,,
2021-08,Other,103990,0.000,0.000,0.000,,,,,
2021-08,Other,163057,0.000,0.000,0.000,,,,,
2021-08,Other,531467,0.000,0.000,0.000,,,,,
2021-08,Other,21001,0.000,0.000,0.000,,,,,
2021-08,Other,115086,0.000,0.000,0.000,,,,,
2021-08,Other,123084,0.000,0.000,0.000,,,,,
2021-08,Other,131187,0.000,0.000,0.000,,,,,
2021-08,Other,134564,0.000,0.000,0.000,,,,,
2021-08,Other,135513,0.000,0.000,0.000,,,,,
2021-08,Other,425519,0.000,0.000,0.000,,,,,
2021-08,Other,152391,0.000,0.000,0.000,,,,,
2021-08,Other,1071,0.000,0.000,0.000,,,,,
2021-08,Other,104240,0.000,0.000,0.000,,,,,
2021-08,Other,104685,0.000,0.000,0.000,,,,,
2021-08,Other,134527,0.000,0.000,0.000,,,,,
2021-08,Other,1103,0.000,0.000,0.000,,,,,
2021-08,Other,17793,0.000,0.000,0.000,,,,,
2021-08,Other,129619,0.000,0.000,0.000,,,,,
2021-08,Other,732333,0.000,0.000,0.000,,,,,
2021-08,Other,1434803,0.000,0.000,0.000,,,,,
2021-08,Other,1249,0.000,0.000,0.000,,,,,
2021-08,Other,5953,0.000,0.000,0.000,,,,,
2021-08,Other,21000,0.000,0.000,0.000,,,,,
2021-08,Other,104262,0.000,0.000,0.000,,,,,
2021-08,Other,1795,0.000,0.000,0.000,,,,,
2021-08,Other,115060,0.000,0.000,0.000,,,,,
2021-08,Other,160563,0.000,0.000,0.000,,,,,
2021-08,Other,249721,0.000,0.000,0.000,,,,,
2021-08,Other,183543,0.000,0.000,0.000,,,,,
2021-08,Other,134533,0.000,0.000,0.000,,,,,
2021-08,Other,248097,0.000,0.000,0.000,,,,,
2021-08,Other,115153,0.000,0.000,0.000,,,,,
2021-08,Other,341353,0.000,0.000,0.000,,,,,
2021-08,Other,577493,0.000,0.000,0.000,,,,,
2021-08,Other,13552,0.000,0.000,0.000,,,,,
2021-08,Other,106287,0.000,0.000,0.000,,,,,
2021-08,Other,115073,0.000,0.000,0.000,,,,,
2021-08,Other,115351,0.000,0.000,0.000,,,,,
2021-08,Other,160585,0.000,0.000,0.000,,,,,
2021-08,Other,101198,0.000,0.000,0.000,,,,,
2021-08,Other,802,0.000,0.000,0.000,,,,,
2021-08,Other,157256,0.000,0.000,0.000,,,,,
2021-08,Other,101,0.000,0.000,0.000,,,,,
2021-08,Other,106422,0.000,0.000,0.000,,,,,
2021-08,Other,1444150,0.000,0.000,0.000,,,,,
2021-08,Other,115104,0.000,0.000,0.000,,,,,
2021-08,Other,1104,0.000,0.000,0.000,,,,,
2021-08,Other,110722,0.000,0.000,0.000,,,,,
2021-08,Other,160581,0.000,0.000,0.000,,,,,
2021-08,Other,146232,0.000,0.000,0.000,,,,,
2021-08,Other,160583,0.000,0.000,0.000,,,,,
2021-08,Other,233761,0.000,0.000,0.000,,,,,
2021-08,Other,425497,0.000,0.000,0.000,,,,,
2021-08,Other,601293,0.000,0.000,0.000,,,,,
2021-08,Other,104196,0.000,0.000,0.000,,,,,
2021-08,Other,106285,0.000,0.000,0.000,,,,,
2021-08,Other,129697,0.000,0.000,0.000,,,,,
2021-08,Other,1248,0.000,0.000,0.000,,,,,
2021-08,Other,233759,0.000,0.000,0.000,,,,,
2021-08,Other,913,0.000,0.000,0.000,,,,,
2021-08,Other,104152,0.000,0.000,0.000,,,,,
2021-08,Other,115090,0.000,0.000,0.000,,,,,
2021-08,Other,104872,0.000,0.001,-0.001,,,,,
2021-08,Other,146549,0.000,0.001,-0.001,,,,,
2021-08,Other,1337,0.000,0.001,-0.001,,,,,
2021-08,Other,105450,0.000,0.001,-0.001,,,,,
2021-08,Other,160582,0.000,0.001,-0.001,,,,,
2021-08,Other,134529,0.000,0.001,-0.001,,,,,
2021-08,Other,160572,0.000,0.001,-0.001,,,,,
2021-08,Other,17651,0.000,0.001,-0.001,,,,,
2021-08,Other,119077,0.000,0.001,-0.001,,,,,
2021-08,Other,101195,0.000,0.001,-0.001,,,,,
2021-08,Other,160597,0.000,0.001,-0.001,,,,,
2021-08,Other,160564,0.000,0.001,-0.001,,,,,
2021-08,Other,115088,0.000,0.001,-0.001,,,,,
2021-08,Other,146624,0.000,0.001,-0.001,,,,,
2021-08,Other,146230,0.000,0.001,-0.001,,,,,
2021-08,Other,146606,0.000,0.001,-0.001,,,,,
2021-08,Other,128545,0.000,0.001,-0.001,,,,,
2021-08,Other,118028,0.000,0.001,-0.001,,,,,
2021-08,Other,51,0.000,0.001,-0.001,,,,,
2021-08,Other,118075,0.000,0.001,-0.001,,,,,
2021-08,Other,115061,0.000,0.001,-0.001,,,,,
2021-08,Other,1101,0.000,0.001,-0.001,,,,,
2021-08,Other,1267,0.000,0.001,-0.001,,,,,
2021-08,Other,118011,0.000,0.002,-0.002,,,,,
2021-08,Other,11,0.000,0.002,-0.002,,,,,
2021-08,Other,1789,0.000,0.002,-0.002,,,,,
2021-08,Other,118051,0.000,0.002,-0.002,,,,,
2021-08,Other,801,0.000,0.002,-0.002,,,,,
2021-08,Other,17639,0.000,0.002,-0.002,,,,,
2021-08,Other,105,0.000,0.003,-0.003,,,,,
2021-08,Other,1100,0.000,0.003,-0.003,,,,,
2021-08,Other,1292,0.000,0.003,-0.003,,,,,
2021-08,Other,1102,0.000,0.003,-0.003,,,,,
2021-08,Other,146543,0.000,0.003,-0.003,,,,,
2021-08,Other,118014,0.000,0.004,-0.004,,,,,
2021-08,Other,882,0.000,0.004,-0.004,,,,,
2021-08,Other,416523,0.000,0.004,-0.004,,,,,
2021-08,Other,369190,0.000,0.005,-0.005,,,,,
2021-08,Other,1065,0.000,0.005,-0.005,,,,,
2021-08,Other,883,0.000,0.008,-0.008,,,,,
2021-08,Other,17640,0.000,0.010,-0.010,,,,,
2021-08,Other,146603,0.000,0.015,-0.015,,,,,
2021-08,Other,1486573,0.000,0.033,-0.033,,,,,
2021-08,Other,146537,0.000,0.173,-0.173,,,,,
2021-08,Undefined,119095,0.000,0.000,0.000,,,,,
2021-08,Undefined,148951,0.000,0.000,0.000,,,,,
2021-08,Undefined,839,0.000,0.000,0.000,,,,,
2021-08,Undefined,857,0.000,0.000,0.000,,,,,
2021-08,Undefined,860,0.000,0.000,0.000,,,,,
2021-08,Undefined,980,0.000,0.000,0.000,,,,,
2021-08,Undefined,988,0.000,0.000,0.000,,,,,
2021-08,Undefined,1365,0.000,0.000,0.000,,,,,
2021-08,Undefined,1599,0.000,0.000,0.000,,,,,
2021-08,Undefined,2078,0.000,0.000,0.000,,,,,
2021-08,Undefined,2849,0.000,0.000,0.000,,,,,
2021-08,Undefined,2854,0.000,0.000,0.000,,,,,
2021-08,Undefined,8038,0.000,0.000,0.000,,,,,
2021-08,Undefined,19497,0.000,0.000,0.000,,,,,
2021-08,Undefined,22613,0.000,0.000,0.000,,,,,
2021-08,Undefined,22620,0.000,0.000,0.000,,,,,
2021-08,Undefined,22724,0.000,0.000,0.000,,,,,
2021-08,Undefined,22737,0.000,0.000,0.000,,,,,
2021-08,Undefined,22970,0.000,0.000,0.000,,,,,
2021-08,Undefined,22977,0.000,0.000,0.000,,,,,
2021-08,Undefined,100656,0.000,0.000,0.000,,,,,
2021-08,Undefined,104913,0.000,0.000,0.000,,,,,
2021-08,Undefined,105441,0.000,0.000,0.000,,,,,
2021-08,Undefined,105684,0.000,0.000,0.000,,,,,
2021-08,Undefined,109412,0.000,0.000,0.000,,,,,
2021-08,Undefined,109445,0.000,0.000,0.000,,,,,
2021-08,Undefined,109558,0.000,0.000,0.000,,,,,
2021-08,Undefined,110342,0.000,0.000,0.000,,,,,
2021-08,Undefined,110781,0.000,0.000,0.000,,,,,
2021-08,Undefined,110795,0.000,0.000,0.000,,,,,
2021-08,Undefined,110801,0.000,0.000,0.000,,,,,
2021-08,Undefined,110938,0.000,0.000,0.000,,,,,
2021-08,Undefined,118045,0.000,0.000,0.000,,,,,
2021-08,Undefined,118083,0.000,0.000,0.000,,,,,
2021-08,Undefined,120250,0.000,0.000,0.000,,,,,
2021-08,Undefined,120563,0.000,0.000,0.000,,,,,
2021-08,Undefined,120662,0.000,0.000,0.000,,,,,
2021-08,Undefined,122358,0.000,0.000,0.000,,,,,
2021-08,Undefined,122382,0.000,0.000,0.000,,,,,
2021-08,Undefined,122611,0.000,0.000,0.000,,,,,
2021-08,Undefined,123626,0.000,0.000,0.000,,,,,
2021-08,Undefined,128566,0.000,0.000,0.000,,,,,
2021-08,Undefined,128618,0.000,0.000,0.000,,,,,
2021-08,Undefined,129701,0.000,0.000,0.000,,,,,
2021-08,Undefined,131593,0.000,0.000,0.000,,,,,
2021-08,Undefined,131595,0.000,0.000,0.000,,,,,
2021-08,Undefined,134782,0.000,0.000,0.000,,,,,
2021-08,Undefined,134937,0.000,0.000,0.000,,,,,
2021-08,Undefined,135976,0.000,0.000,0.000,,,,,
2021-08,Undefined,136772,0.000,0.000,0.000,,,,,
2021-08,Undefined,137297,0.000,0.000,0.000,,,,,
2021-08,Undefined,138333,0.000,0.000,0.000,,,,,
2021-08,Undefined,138379,0.000,0.000,0.000,,,,,
2021-08,Undefined,140735,0.000,0.000,0.000,,,,,
2021-08,Undefined,141433,0.000,0.000,0.000,,,,,
2021-08,Undefined,142021,0.000,0.000,0.000,,,,,
2021-08,Undefined,146579,0.000,0.000,0.000,,,,,
2021-08,Undefined,146582,0.000,0.000,0.000,,,,,
2021-08,Undefined,146952,0.000,0.000,0.000,,,,,
2021-08,Undefined,149053,0.000,0.000,0.000,,,,,
2021-08,Undefined,149063,0.000,0.000,0.000,,,,,
2021-08,Undefined,149133,0.000,0.000,0.000,,,,,
2021-08,Undefined,149254,0.000,0.000,0.000,,,,,
2021-08,Undefined,149485,0.000,0.000,0.000,,,,,
2021-08,Undefined,150201,0.000,0.000,0.000,,,,,
2021-08,Undefined,155670,0.000,0.000,0.000,,,,,
2021-08,Undefined,156961,0.000,0.000,0.000,,,,,
2021-08,Undefined,157466,0.000,0.000,0.000,,,,,
2021-08,Undefined,160326,0.000,0.000,0.000,,,,,
2021-08,Undefined,160333,0.000,0.000,0.000,,,,,
2021-08,Undefined,162961,0.000,0.000,0.000,,,,,
2021-08,Undefined,178510,0.000,0.000,0.000,,,,,
2021-08,Undefined,178593,0.000,0.000,0.000,,,,,
2021-08,Undefined,178973,0.000,0.000,0.000,,,,,
2021-08,Undefined,196217,0.000,0.000,0.000,,,,,
2021-08,Undefined,216533,0.000,0.000,0.000,,,,,
2021-08,Undefined,231748,0.000,0.000,0.000,,,,,
2021-08,Undefined,231749,0.000,0.000,0.000,,,,,
2021-08,Undefined,233820,0.000,0.000,0.000,,,,,
2021-08,Undefined,235154,0.000,0.000,0.000,,,,,
2021-08,Undefined,246590,0.000,0.000,0.000,,,,,
2021-08,Undefined,265044,0.000,0.000,0.000,,,,,
2021-08,Undefined,291416,0.000,0.000,0.000,,,,,
2021-08,Undefined,341321,0.000,0.000,0.000,,,,,
2021-08,Undefined,341352,0.000,0.000,0.000,,,,,
2021-08,Undefined,341616,0.000,0.000,0.000,,,,,
2021-08,Undefined,345462,0.000,0.000,0.000,,,,,
2021-08,Undefined,345489,0.000,0.000,0.000,,,,,
2021-08,Undefined,345509,0.000,0.000,0.000,,,,,
2021-08,Undefined,345847,0.000,0.000,0.000,,,,,
2021-08,Undefined,367299,0.000,0.000,0.000,,,,,
2021-08,Undefined,368684,0.000,0.000,0.000,,,,,
2021-08,Undefined,368694,0.000,0.000,0.000,,,,,
2021-08,Undefined,368762,0.000,0.000,0.000,,,,,
2021-08,Undefined,368876,0.000,0.000,0.000,,,,,
2021-08,Undefined,368882,0.000,0.000,0.000,,,,,
2021-08,Undefined,376683,0.000,0.000,0.000,,,,,
2021-08,Undefined,382213,0.000,0.000,0.000,,,,,
2021-08,Undefined,389215,0.000,0.000,0.000,,,,,
2021-08,Undefined,394981,0.000,0.000,0.000,,,,,
2021-08,Undefined,413700,0.000,0.000,0.000,,,,,
2021-08,Undefined,414856,0.000,0.000,0.000,,,,,
2021-08,Undefined,415489,0.000,0.000,0.000,,,,,
2021-08,Undefined,422893,0.000,0.000,0.000,,,,,
2021-08,Undefined,422894,0.000,0.000,0.000,,,,,
2021-08,Undefined,425511,0.000,0.000,0.000,,,,,
2021-08,Undefined,493886,0.000,0.000,0.000,,,,,
2021-08,Undefined,549219,0.000,0.000,0.000,,,,,
2021-08,Undefined,562667,0.000,0.000,0.000,,,,,
2021-08,Undefined,562786,0.000,0.000,0.000,,,,,
2021-08,Undefined,573995,0.000,0.000,0.000,,,,,
2021-08,Undefined,582193,0.000,0.000,0.000,,,,,
2021-08,Undefined,590469,0.000,0.000,0.000,,,,,
2021-08,Undefined,591134,0.000,0.000,0.000,,,,,
2021-08,Undefined,601129,0.000,0.000,0.000,,,,,
2021-08,Undefined,601384,0.000,0.000,0.000,,,,,
2021-08,Undefined,601409,0.000,0.000,0.000,,,,,
2021-08,Undefined,603281,0.000,0.000,0.000,,,,,
2021-08,Undefined,606128,0.000,0.000,0.000,,,,,
2021-08,Undefined,612111,0.000,0.000,0.000,,,,,
2021-08,Undefined,707585,0.000,0.000,0.000,,,,,
2021-08,Undefined,707630,0.000,0.000,0.000,,,,,
2021-08,Undefined,758928,0.000,0.000,0.000,,,,,
2021-08,Undefined,761359,0.000,0.000,0.000,,,,,
2021-08,Undefined,834679,0.000,0.000,0.000,,,,,
2021-08,Undefined,834682,0.000,0.000,0.000,,,,,
2021-08,Undefined,834870,0.000,0.000,0.000,,,,,
2021-08,Undefined,872102,0.000,0.000,0.000,,,,,
2021-08,Undefined,880517,0.000,0.000,0.000,,,,,
2021-08,Undefined,886280,0.000,0.000,0.000,,,,,
2021-08,Undefined,886419,0.000,0.000,0.000,,,,,
2021-08,Undefined,886443,0.000,0.000,0.000,,,,,
2021-08,Undefined,932337,0.000,0.000,0.000,,,,,
2021-08,Undefined,1039993,0.000,0.000,0.000,,,,,
2021-08,Undefined,1060956,0.000,0.000,0.000,,,,,
2021-08,Undefined,1307208,0.000,0.000,0.000,,,,,
2021-08,Undefined,1308659,0.000,0.000,0.000,,,,,
2021-08,Undefined,1355734,0.000,0.000,0.000,,,,,
2021-08,Undefined,1361129,0.000,0.000,0.000,,,,,
2021-08,Undefined,1361130,0.000,0.000,0.000,,,,,
2021-08,Undefined,1486549,0.000,0.000,0.000,,,,,
2021-08,Undefined,1487396,0.000,0.000,0.000,,,,,
2021-08,Undefined,1492698,0.000,0.000,0.000,,,,,
2021-08,Undefined,1648980,0.000,0.000,0.000,,,,,
2021-08,Undefined,1731732,0.000,0.000,0.000,,,,,
2021-08,Undefined,577498,0.000,0.000,0.000,,,,,
2021-08,Undefined,146,0.000,0.000,0.000,,,,,
2021-08,Undefined,915,0.000,0.000,0.000,,,,,
2021-08,Undefined,1385,0.000,0.000,0.000,,,,,
2021-08,Undefined,1403,0.000,0.000,0.000,,,,,
2021-08,Undefined,2118,0.000,0.000,0.000,,,,,
2021-08,Undefined,13574,0.000,0.000,0.000,,,,,
2021-08,Undefined,14262,0.000,0.000,0.000,,,,,
2021-08,Undefined,101060,0.000,0.000,0.000,,,,,
2021-08,Undefined,102438,0.000,0.000,0.000,,,,,
2021-08,Undefined,103339,0.000,0.000,0.000,,,,,
2021-08,Undefined,105623,0.000,0.000,0.000,,,,,
2021-08,Undefined,106286,0.000,0.000,0.000,,,,,
2021-08,Undefined,109426,0.000,0.000,0.000,,,,,
2021-08,Undefined,111020,0.000,0.000,0.000,,,,,
2021-08,Undefined,115163,0.000,0.000,0.000,,,,,
2021-08,Undefined,115352,0.000,0.000,0.000,,,,,
2021-08,Undefined,118085,0.000,0.000,0.000,,,,,
2021-08,Undefined,118100,0.000,0.000,0.000,,,,,
2021-08,Undefined,123208,0.000,0.000,0.000,,,,,
2021-08,Undefined,130839,0.000,0.000,0.000,,,,,
2021-08,Undefined,134919,0.000,0.000,0.000,,,,,
2021-08,Undefined,135226,0.000,0.000,0.000,,,,,
2021-08,Undefined,135525,0.000,0.000,0.000,,,,,
2021-08,Undefined,135531,0.000,0.000,0.000,,,,,
2021-08,Undefined,138341,0.000,0.000,0.000,,,,,
2021-08,Undefined,138474,0.000,0.000,0.000,,,,,
2021-08,Undefined,140737,0.000,0.000,0.000,,,,,
2021-08,Undefined,143725,0.000,0.000,0.000,,,,,
2021-08,Undefined,146612,0.000,0.000,0.000,,,,,
2021-08,Undefined,146664,0.000,0.000,0.000,,,,,
2021-08,Undefined,146665,0.000,0.000,0.000,,,,,
2021-08,Undefined,147240,0.000,0.000,0.000,,,,,
2021-08,Undefined,157237,0.000,0.000,0.000,,,,,
2021-08,Undefined,158503,0.000,0.000,0.000,,,,,
2021-08,Undefined,162985,0.000,0.000,0.000,,,,,
2021-08,Undefined,163174,0.000,0.000,0.000,,,,,
2021-08,Undefined,163556,0.000,0.000,0.000,,,,,
2021-08,Undefined,163609,0.000,0.000,0.000,,,,,
2021-08,Undefined,178375,0.000,0.000,0.000,,,,,
2021-08,Undefined,182702,0.000,0.000,0.000,,,,,
2021-08,Undefined,231792,0.000,0.000,0.000,,,,,
2021-08,Undefined,231813,0.000,0.000,0.000,,,,,
2021-08,Undefined,232813,0.000,0.000,0.000,,,,,
2021-08,Undefined,234036,0.000,0.000,0.000,,,,,
2021-08,Undefined,234099,0.000,0.000,0.000,,,,,
2021-08,Undefined,334421,0.000,0.000,0.000,,,,,
2021-08,Undefined,341310,0.000,0.000,0.000,,,,,
2021-08,Undefined,341355,0.000,0.000,0.000,,,,,
2021-08,Undefined,345459,0.000,0.000,0.000,,,,,
2021-08,Undefined,348013,0.000,0.000,0.000,,,,,
2021-08,Undefined,360352,0.000,0.000,0.000,,,,,
2021-08,Undefined,368670,0.000,0.000,0.000,,,,,
2021-08,Undefined,368887,0.000,0.000,0.000,,,,,
2021-08,Undefined,414714,0.000,0.000,0.000,,,,,
2021-08,Undefined,414839,0.000,0.000,0.000,,,,,
2021-08,Undefined,414889,0.000,0.000,0.000,,,,,
2021-08,Undefined,425465,0.000,0.000,0.000,,,,,
2021-08,Undefined,428538,0.000,0.000,0.000,,,,,
2021-08,Undefined,484258,0.000,0.000,0.000,,,,,
2021-08,Undefined,494184,0.000,0.000,0.000,,,,,
2021-08,Undefined,558965,0.000,0.000,0.000,,,,,
2021-08,Undefined,562793,0.000,0.000,0.000,,,,,
2021-08,Undefined,562854,0.000,0.000,0.000,,,,,
2021-08,Undefined,582189,0.000,0.000,0.000,,,,,
2021-08,Undefined,582871,0.000,0.000,0.000,,,,,
2021-08,Undefined,595084,0.000,0.000,0.000,,,,,
2021-08,Undefined,596330,0.000,0.000,0.000,,,,,
2021-08,Undefined,599617,0.000,0.000,0.000,,,,,
2021-08,Undefined,599619,0.000,0.000,0.000,,,,,
2021-08,Undefined,603335,0.000,0.000,0.000,,,,,
2021-08,Undefined,623450,0.000,0.000,0.000,,,,,
2021-08,Undefined,724313,0.000,0.000,0.000,,,,,
2021-08,Undefined,732811,0.000,0.000,0.000,,,,,
2021-08,Undefined,732815,0.000,0.000,0.000,,,,,
2021-08,Undefined,761374,0.000,0.000,0.000,,,,,
2021-08,Undefined,836362,0.000,0.000,0.000,,,,,
2021-08,Undefined,837989,0.000,0.000,0.000,,,,,
2021-08,Undefined,841336,0.000,0.000,0.000,,,,,
2021-08,Undefined,886282,0.000,0.000,0.000,,,,,
2021-08,Undefined,963740,0.000,0.000,0.000,,,,,
2021-08,Undefined,1030588,0.000,0.000,0.000,,,,,
2021-08,Undefined,1057430,0.000,0.000,0.000,,,,,
2021-08,Undefined,1359382,0.000,0.000,0.000,,,,,
2021-08,Undefined,1369369,0.000,0.000,0.000,,,,,
2021-08,Undefined,1736990,0.000,0.000,0.000,,,,,
2021-08,Undefined,1737147,0.000,0.000,0.000,,,,,
2021-08,Undefined,1737334,0.000,0.000,0.000,,,,,
2021-08,Undefined,1748110,0.000,0.000,0.000,,,,,
2021-08,Undefined,137288,0.000,0.000,0.000,,,,,
2021-08,Undefined,146178,0.000,0.000,0.000,,,,,
2021-08,Undefined,872101,0.000,0.000,0.000,,,,,
2021-08,Undefined,845,0.000,0.000,0.000,,,,,
2021-08,Undefined,2847,0.000,0.000,0.000,,,,,
2021-08,Undefined,101212,0.000,0.000,0.000,,,,,
2021-08,Undefined,101350,0.000,0.000,0.000,,,,,
2021-08,Undefined,104081,0.000,0.000,0.000,,,,,
2021-08,Undefined,106317,0.000,0.000,0.000,,,,,
2021-08,Undefined,106324,0.000,0.000,0.000,,,,,
2021-08,Undefined,110829,0.000,0.000,0.000,,,,,
2021-08,Undefined,130988,0.000,0.000,0.000,,,,,
2021-08,Undefined,135036,0.000,0.000,0.000,,,,,
2021-08,Undefined,136901,0.000,0.000,0.000,,,,,
2021-08,Undefined,143723,0.000,0.000,0.000,,,,,
2021-08,Undefined,147481,0.000,0.000,0.000,,,,,
2021-08,Undefined,148962,0.000,0.000,0.000,,,,,
2021-08,Undefined,149036,0.000,0.000,0.000,,,,,
2021-08,Undefined,160546,0.000,0.000,0.000,,,,,
2021-08,Undefined,162748,0.000,0.000,0.000,,,,,
2021-08,Undefined,162949,0.000,0.000,0.000,,,,,
2021-08,Undefined,178544,0.000,0.000,0.000,,,,,
2021-08,Undefined,216498,0.000,0.000,0.000,,,,,
2021-08,Undefined,231814,0.000,0.000,0.000,,,,,
2021-08,Undefined,245258,0.000,0.000,0.000,,,,,
2021-08,Undefined,246828,0.000,0.000,0.000,,,,,
2021-08,Undefined,345487,0.000,0.000,0.000,,,,,
2021-08,Undefined,345835,0.000,0.000,0.000,,,,,
2021-08,Undefined,370098,0.000,0.000,0.000,,,,,
2021-08,Undefined,414691,0.000,0.000,0.000,,,,,
2021-08,Undefined,414756,0.000,0.000,0.000,,,,,
2021-08,Undefined,417221,0.000,0.000,0.000,,,,,
2021-08,Undefined,425464,0.000,0.000,0.000,,,,,
2021-08,Undefined,562832,0.000,0.000,0.000,,,,,
2021-08,Undefined,577611,0.000,0.000,0.000,,,,,
2021-08,Undefined,582464,0.000,0.000,0.000,,,,,
2021-08,Undefined,591254,0.000,0.000,0.000,,,,,
2021-08,Undefined,595214,0.000,0.000,0.000,,,,,
2021-08,Undefined,599658,0.000,0.000,0.000,,,,,
2021-08,Undefined,603291,0.000,0.000,0.000,,,,,
2021-08,Undefined,603334,0.000,0.000,0.000,,,,,
2021-08,Undefined,707589,0.000,0.000,0.000,,,,,
2021-08,Undefined,731848,0.000,0.000,0.000,,,,,
2021-08,Undefined,761431,0.000,0.000,0.000,,,,,
2021-08,Undefined,888636,0.000,0.000,0.000,,,,,
2021-08,Undefined,1476515,0.000,0.000,0.000,,,,,
2021-08,Undefined,852,0.000,0.000,0.000,,,,,
2021-08,Undefined,901,0.000,0.000,0.000,,,,,
2021-08,Undefined,902,0.000,0.000,0.000,,,,,
2021-08,Undefined,1762,0.000,0.000,0.000,,,,,
2021-08,Undefined,17616,0.000,0.000,0.000,,,,,
2021-08,Undefined,22820,0.000,0.000,0.000,,,,,
2021-08,Undefined,100681,0.000,0.000,0.000,,,,,
2021-08,Undefined,111631,0.000,0.000,0.000,,,,,
2021-08,Undefined,118066,0.000,0.000,0.000,,,,,
2021-08,Undefined,118089,0.000,0.000,0.000,,,,,
2021-08,Undefined,123081,0.000,0.000,0.000,,,,,
2021-08,Undefined,129620,0.000,0.000,0.000,,,,,
2021-08,Undefined,130852,0.000,0.000,0.000,,,,,
2021-08,Undefined,136744,0.000,0.000,0.000,,,,,
2021-08,Undefined,146608,0.000,0.000,0.000,,,,,
2021-08,Undefined,149040,0.000,0.000,0.000,,,,,
2021-08,Undefined,231750,0.000,0.000,0.000,,,,,
2021-08,Undefined,345488,0.000,0.000,0.000,,,,,
2021-08,Undefined,345549,0.000,0.000,0.000,,,,,
2021-08,Undefined,368685,0.000,0.000,0.000,,,,,
2021-08,Undefined,377084,0.000,0.000,0.000,,,,,
2021-08,Undefined,394964,0.000,0.000,0.000,,,,,
2021-08,Undefined,591178,0.000,0.000,0.000,,,,,
2021-08,Undefined,593691,0.000,0.000,0.000,,,,,
2021-08,Undefined,605090,0.000,0.000,0.000,,,,,
2021-08,Undefined,666434,0.000,0.000,0.000,,,,,
2021-08,Undefined,707626,0.000,0.000,0.000,,,,,
2021-08,Undefined,724314,0.000,0.000,0.000,,,,,
2021-08,Undefined,762062,0.000,0.000,0.000,,,,,
2021-08,Undefined,886441,0.000,0.000,0.000,,,,,
2021-08,Undefined,1486571,0.000,0.000,0.000,,,,,
2021-08,Undefined,1535025,0.000,0.000,0.000,,,,,
2021-08,Undefined,1845324,0.000,0.000,0.000,,,,,
2021-08,Undefined,146994,0.000,0.000,0.000,,,,,
2021-08,Undefined,1261,0.000,0.000,0.000,,,,,
2021-08,Undefined,1363,0.000,0.000,0.000,,,,,
2021-08,Undefined,2143,0.000,0.000,0.000,,,,,
2021-08,Undefined,115089,0.000,0.000,0.000,,,,,
2021-08,Undefined,115444,0.000,0.000,0.000,,,,,
2021-08,Undefined,150467,0.000,0.000,0.000,,,,,
2021-08,Undefined,163321,0.000,0.000,0.000,,,,,
2021-08,Undefined,292892,0.000,0.000,0.000,,,,,
2021-08,Undefined,414787,0.000,0.000,0.000,,,,,
2021-08,Undefined,474842,0.000,0.000,0.000,,,,,
2021-08,Undefined,495346,0.000,0.000,0.000,,,,,
2021-08,Undefined,547449,0.000,0.000,0.000,,,,,
2021-08,Undefined,562841,0.000,0.000,0.000,,,,,
2021-08,Undefined,577610,0.000,0.000,0.000,,,,,
2021-08,Undefined,582188,0.000,0.000,0.000,,,,,
2021-08,Undefined,582205,0.000,0.000,0.000,,,,,
2021-08,Undefined,582219,0.000,0.000,0.000,,,,,
2021-08,Undefined,603289,0.000,0.000,0.000,,,,,
2021-08,Undefined,1653511,0.000,0.000,0.000,,,,,
2021-08,Undefined,1736249,0.000,0.000,0.000,,,,,
2021-08,Undefined,14435,0.000,0.000,0.000,,,,,
2021-08,Undefined,101064,0.000,0.000,0.000,,,,,
2021-08,Undefined,122305,0.000,0.000,0.000,,,,,
2021-08,Undefined,122511,0.000,0.000,0.000,,,,,
2021-08,Undefined,129626,0.000,0.000,0.000,,,,,
2021-08,Undefined,196253,0.000,0.000,0.000,,,,,
2021-08,Undefined,233123,0.000,0.000,0.000,,,,,
2021-08,Undefined,347678,0.000,0.000,0.000,,,,,
2021-08,Undefined,387397,0.000,0.000,0.000,,,,,
2021-08,Undefined,391862,0.000,0.000,0.000,,,,,
2021-08,Undefined,393226,0.000,0.000,0.000,,,,,
2021-08,Undefined,414715,0.000,0.000,0.000,,,,,
2021-08,Undefined,489103,0.000,0.000,0.000,,,,,
2021-08,Undefined,493836,0.000,0.000,0.000,,,,,
2021-08,Undefined,562853,0.000,0.000,0.000,,,,,
2021-08,Undefined,599689,0.000,0.000,0.000,,,,,
2021-08,Undefined,839792,0.000,0.000,0.000,,,,,
2021-08,Undefined,1635533,0.000,0.000,0.000,,,,,
2021-08,Undefined,1736253,0.000,0.000,0.000,,,,,
2021-08,Undefined,1736973,0.000,0.000,0.000,,,,,
2021-08,Undefined,243,0.000,0.000,0.000,,,,,
2021-08,Undefined,20999,0.000,0.000,0.000,,,,,
2021-08,Undefined,23091,0.000,0.000,0.000,,,,,
2021-08,Undefined,105498,0.000,0.000,0.000,,,,,
2021-08,Undefined,178596,0.000,0.000,0.000,,,,,
2021-08,Undefined,293140,0.000,0.000,0.000,,,,,
2021-08,Undefined,369377,0.000,0.000,0.000,,,,,
2021-08,Undefined,376277,0.000,0.000,0.000,,,,,
2021-08,Undefined,394869,0.000,0.000,0.000,,,,,
2021-08,Undefined,414688,0.000,0.000,0.000,,,,,
2021-08,Undefined,417412,0.000,0.000,0.000,,,,,
2021-08,Undefined,493889,0.000,0.000,0.000,,,,,
2021-08,Undefined,593173,0.000,0.000,0.000,,,,,
2021-08,Undefined,840183,0.000,0.000,0.000,,,,,
2021-08,Undefined,872112,0.000,0.000,0.000,,,,,
2021-08,Undefined,889997,0.000,0.000,0.000,,,,,
2021-08,Undefined,1653535,0.000,0.000,0.000,,,,,
2021-08,Undefined,844,0.000,0.000,0.000,,,,,
2021-08,Undefined,5949,0.000,0.000,0.000,,,,,
2021-08,Undefined,109401,0.000,0.000,0.000,,,,,
2021-08,Undefined,115072,0.000,0.000,0.000,,,,,
2021-08,Undefined,140767,0.000,0.000,0.000,,,,,
2021-08,Undefined,248107,0.000,0.000,0.000,,,,,
2021-08,Undefined,345469,0.000,0.000,0.000,,,,,
2021-08,Undefined,415511,0.000,0.000,0.000,,,,,
2021-08,Undefined,836638,0.000,0.000,0.000,,,,,
2021-08,Undefined,1293730,0.000,0.000,0.000,,,,,
2021-08,Undefined,1653529,0.000,0.000,0.000,,,,,
2021-08,Undefined,1737154,0.000,0.000,0.000,,,,,
2021-08,Undefined,345515,0.000,0.000,0.000,,,,,
2021-08,Undefined,1251,0.000,0.000,0.000,,,,,
2021-08,Undefined,1300,0.000,0.000,0.000,,,,,
2021-08,Undefined,22565,0.000,0.000,0.000,,,,,
2021-08,Undefined,134532,0.000,0.000,0.000,,,,,
2021-08,Undefined,146166,0.000,0.000,0.000,,,,,
2021-08,Undefined,160573,0.000,0.000,0.000,,,,,
2021-08,Undefined,163181,0.000,0.000,0.000,,,,,
2021-08,Undefined,163265,0.000,0.000,0.000,,,,,
2021-08,Undefined,172326,0.000,0.000,0.000,,,,,
2021-08,Undefined,341320,0.000,0.000,0.000,,,,,
2021-08,Undefined,414720,0.000,0.000,0.000,,,,,
2021-08,Undefined,493882,0.000,0.000,0.000,,,,,
2021-08,Undefined,576879,0.000,0.000,0.000,,,,,
2021-08,Undefined,581514,0.000,0.000,0.000,,,,,
2021-08,Undefined,591137,0.000,0.000,0.000,,,,,
2021-08,Undefined,591176,0.000,0.000,0.000,,,,,
2021-08,Undefined,591233,0.000,0.000,0.000,,,,,
2021-08,Undefined,730532,0.000,0.000,0.000,,,,,
2021-08,Undefined,836357,0.000,0.000,0.000,,,,,
2021-08,Undefined,836564,0.000,0.000,0.000,,,,,
2021-08,Undefined,1361174,0.000,0.000,0.000,,,,,
2021-08,Undefined,1736974,0.000,0.000,0.000,,,,,
2021-08,Undefined,245,0.000,0.000,0.000,,,,,
2021-08,Undefined,123117,0.000,0.000,0.000,,,,,
2021-08,Undefined,128551,0.000,0.000,0.000,,,,,
2021-08,Undefined,196347,0.000,0.000,0.000,,,,,
2021-08,Undefined,206594,0.000,0.000,0.000,,,,,
2021-08,Undefined,233556,0.000,0.000,0.000,,,,,
2021-08,Undefined,234499,0.000,0.000,0.000,,,,,
2021-08,Undefined,590939,0.000,0.000,0.000,,,,,
2021-08,Undefined,836361,0.000,0.000,0.000,,,,,
2021-08,Undefined,872089,0.000,0.000,0.000,,,,,
2021-08,Undefined,368683,0.000,0.000,0.000,,,,,
2021-08,Undefined,5950,0.000,0.000,0.000,,,,,
2021-08,Undefined,101194,0.000,0.000,0.000,,,,,
2021-08,Undefined,345496,0.000,0.000,0.000,,,,,
2021-08,Undefined,425652,0.000,0.000,0.000,,,,,
2021-08,Undefined,580117,0.000,0.000,0.000,,,,,
2021-08,Undefined,746931,0.000,0.000,0.000,,,,,
2021-08,Undefined,837382,0.000,0.000,0.000,,,,,
2021-08,Undefined,872071,0.000,0.000,0.000,,,,,
2021-08,Undefined,22582,0.000,0.000,0.000,,,,,
2021-08,Undefined,101182,0.000,0.000,0.000,,,,,
2021-08,Undefined,146200,0.000,0.000,0.000,,,,,
2021-08,Undefined,175582,0.000,0.000,0.000,,,,,
2021-08,Undefined,292895,0.000,0.000,0.000,,,,,
2021-08,Undefined,341292,0.000,0.000,0.000,,,,,
2021-08,Undefined,345500,0.000,0.000,0.000,,,,,
2021-08,Undefined,495194,0.000,0.000,0.000,,,,,
2021-08,Undefined,730534,0.000,0.000,0.000,,,,,
2021-08,Undefined,1748108,0.000,0.000,0.000,,,,,
2021-08,Undefined,889,0.000,0.000,0.000,,,,,
2021-08,Undefined,330284,0.000,0.000,0.000,,,,,
2021-08,Undefined,390772,0.000,0.000,0.000,,,,,
2021-08,Undefined,577970,0.000,0.000,0.000,,,,,
2021-08,Undefined,591219,0.000,0.000,0.000,,,,,
2021-08,Undefined,1719780,0.000,0.000,0.000,,,,,
2021-08,Undefined,1736280,0.000,0.000,0.000,,,,,
2021-08,Undefined,17330,0.000,0.000,0.000,,,,,
2021-08,Undefined,177531,0.000,0.000,0.000,,,,,
2021-08,Undefined,367301,0.000,0.000,0.000,,,,,
2021-08,Undefined,1653503,0.000,0.000,0.000,,,,,
2021-08,Undefined,164811,0.000,0.000,0.000,,,,,
2021-08,Undefined,590565,0.000,0.000,0.000,,,,,
2021-08,Undefined,836674,0.000,0.000,0.000,,,,,
2021-08,Undefined,888637,0.000,0.000,0.000,,,,,
2021-08,Undefined,136093,0.000,0.000,0.000,,,,,
2021-08,Undefined,196191,0.000,0.000,0.000,,,,,
2021-08,Undefined,495287,0.000,0.000,0.000,,,,,
2021-08,Undefined,892,0.000,0.000,0.000,,,,,
2021-08,Undefined,109386,0.000,0.000,0.000,,,,,
2021-08,Undefined,109399,0.000,0.000,0.000,,,,,
2021-08,Undefined,330923,0.000,0.000,0.000,,,,,
2021-08,Undefined,345458,0.000,0.000,0.000,,,,,
2021-08,Undefined,394012,0.000,0.000,0.000,,,,,
2021-08,Undefined,426529,0.000,0.000,0.000,,,,,
2021-08,Undefined,536202,0.000,0.000,0.000,,,,,
2021-08,Undefined,591248,0.000,0.000,0.000,,,,,
2021-08,Undefined,707553,0.000,0.000,0.000,,,,,
2021-08,Undefined,1703,0.000,0.000,0.000,,,,,
2021-08,Undefined,105500,0.000,0.000,0.000,,,,,
2021-08,Undefined,582176,0.000,0.000,0.000,,,,,
2021-08,Undefined,265191,0.000,0.000,0.000,,,,,
2021-08,Undefined,345522,0.000,0.000,0.000,,,,,
2021-08,Undefined,413963,0.000,0.000,0.000,,,,,
2021-08,Undefined,595199,0.000,0.000,0.000,,,,,
2021-08,Undefined,872090,0.000,0.000,0.000,,,,,
2021-08,Undefined,394011,0.000,0.000,0.000,,,,,
2021-08,Undefined,573984,0.000,0.000,0.000,,,,,
2021-08,Undefined,601282,0.000,0.000,0.000,,,,,
2021-08,Undefined,836365,0.000,0.000,0.000,,,,,
2021-08,Undefined,136745,0.000,0.000,0.000,,,,,
2021-08,Undefined,146556,0.000,0.000,0.000,,,,,
2021-08,Undefined,246596,0.000,0.000,0.000,,,,,
2021-08,Undefined,345959,0.000,0.000,0.000,,,,,
2021-08,Undefined,393201,0.000,0.000,0.000,,,,,
2021-08,Undefined,872070,0.000,0.000,0.000,,,,,
2021-08,Undefined,22156,0.000,0.000,0.000,,,,,
2021-08,Undefined,110723,0.000,0.000,0.000,,,,,
2021-08,Undefined,162991,0.000,0.000,0.000,,,,,
2021-08,Undefined,730533,0.000,0.000,0.000,,,,,
2021-08,Undefined,22624,0.000,0.000,0.000,,,,,
2021-08,Undefined,118022,0.000,0.000,0.000,,,,,
2021-08,Undefined,246597,0.000,0.000,0.000,,,,,
2021-08,Undefined,593689,0.000,0.000,0.000,,,,,
2021-08,Undefined,1845405,0.000,0.000,0.000,,,,,
2021-08,Undefined,591251,0.000,0.000,0.000,,,,,
2021-08,Undefined,17904,0.000,0.000,0.000,,,,,
2021-08,Undefined,1731513,0.000,0.000,0.000,,,,,
2021-08,Undefined,104093,0.000,0.000,0.000,,,,,
2021-08,Undefined,104106,0.000,0.000,0.000,,,,,
2021-08,Undefined,235815,0.000,0.000,0.000,,,,,
2021-08,Undefined,368674,0.000,0.000,0.000,,,,,
2021-08,Undefined,136779,0.000,0.000,0.000,,,,,
2021-08,Undefined,140855,0.000,0.000,0.000,,,,,
2021-08,Undefined,623449,0.000,0.000,0.000,,,,,
2021-08,Undefined,836366,0.000,0.000,0.000,,,,,
2021-08,Undefined,17641,0.000,0.000,0.000,,,,,
2021-08,Undefined,17662,0.000,0.000,0.000,,,,,
2021-08,Undefined,106413,0.000,0.000,0.000,,,,,
2021-08,Undefined,115178,0.000,0.000,0.000,,,,,
2021-08,Undefined,118086,0.000,0.000,0.000,,,,,
2021-08,Undefined,415251,0.000,0.000,0.000,,,,,
2021-08,Undefined,146548,0.000,0.000,0.000,,,,,
2021-08,Undefined,390088,0.000,0.000,0.000,,,,,
2021-08,Undefined,573888,0.000,0.000,0.000,,,,,
2021-08,Undefined,118088,0.000,0.000,0.000,,,,,
2021-08,Undefined,573266,0.000,0.000,0.000,,,,,
2021-08,Undefined,1748107,0.000,0.000,0.000,,,,,
2021-08,Undefined,369189,0.000,0.000,0.000,,,,,
2021-08,Undefined,353995,0.000,0.000,0.000,,,,,
2021-08,Undefined,582427,0.000,0.000,0.000,,,,,
2021-08,Undefined,237586,0.000,0.000,0.000,,,,,
2021-08,Undefined,558,0.000,0.000,0.000,,,,,
2021-08,Undefined,14165,0.000,0.000,0.000,,,,,
2021-08,Undefined,744872,0.000,0.000,0.000,,,,,
2021-08,Undefined,354171,0.000,0.000,0.000,,,,,
2021-08,Undefined,603184,0.000,0.000,0.000,,,,,
2021-08,Undefined,730531,0.000,0.000,0.000,,,,,
2021-08,Undefined,1653567,0.000,0.000,0.000,,,,,
2021-08,Undefined,22563,0.000,0.001,-0.001,,,,,
2021-08,Undefined,115141,0.000,0.001,-0.001,,,,,
2021-08,Undefined,292894,0.000,0.001,-0.001,,,,,
2021-08,Undefined,368883,0.000,0.001,-0.001,,,,,
2021-08,Undefined,493835,0.000,0.001,-0.001,,,,,
2021-08,Undefined,17903,0.000,0.001,-0.001,,,,,
2021-08,Undefined,345501,0.000,0.001,-0.001,,,,,
2021-08,Undefined,730536,0.000,0.001,-0.001,,,,,
2021-08,Undefined,17663,0.000,0.001,-0.001,,,,,
2021-08,Undefined,146712,0.000,0.001,-0.001,,,,,
2021-08,Undefined,146544,0.000,0.001,-0.001,,,,,
2021-08,Undefined,104079,0.000,0.001,-0.001,,,,,
2021-08,Undefined,149064,0.000,0.001,-0.001,,,,,
2021-08,Undefined,590566,0.000,0.001,-0.001,,,,,
2021-08,Undefined,830,0.000,0.001,-0.001,,,,,
2021-08,Undefined,1803,0.000,0.001,-0.001,,,,,
2021-08,Undefined,742628,0.000,0.001,-0.001,,,,,
2021-08,Undefined,235814,0.000,0.001,-0.001,,,,,
2021-08,Undefined,109572,0.000,0.001,-0.001,,,,,
2021-08,Undefined,146174,0.000,0.001,-0.001,,,,,
2021-08,Undefined,148950,0.000,0.001,-0.001,,,,,
2021-08,Undefined,591246,0.000,0.001,-0.001,,,,,
2021-08,Undefined,836372,0.000,0.001,-0.001,,,,,
2021-08,Undefined,235812,0.000,0.001,-0.001,,,,,
2021-08,Undefined,730535,0.000,0.001,-0.001,,,,,
2021-08,Undefined,981,0.000,0.001,-0.001,,,,,
2021-08,Undefined,449151,0.000,0.001,-0.001,,,,,
2021-08,Undefined,23157,0.000,0.001,-0.001,,,,,
2021-08,Undefined,1656682,0.000,0.001,-0.001,,,,,
2021-08,Undefined,536191,0.000,0.001,-0.001,,,,,
2021-08,Undefined,20997,0.000,0.001,-0.001,,,,,
2021-08,Undefined,175581,0.000,0.001,-0.001,,,,,
2021-08,Undefined,707629,0.000,0.001,-0.001,,,,,
2021-08,Undefined,146584,0.000,0.001,-0.001,,,,,
2021-08,Undefined,109448,0.000,0.001,-0.001,,,,,
2021-08,Undefined,582197,0.000,0.001,-0.001,,,,,
2021-08,Undefined,182757,0.000,0.001,-0.001,,,,,
2021-08,Undefined,355984,0.000,0.001,-0.001,,,,,
2021-08,Undefined,573250,0.000,0.001,-0.001,,,,,
2021-08,Undefined,345523,0.000,0.001,-0.001,,,,,
2021-08,Undefined,591250,0.000,0.002,-0.002,,,,,
2021-08,Undefined,562852,0.000,0.002,-0.002,,,,,
2021-08,Undefined,160570,0.000,0.002,-0.002,,,,,
2021-08,Undefined,149067,0.000,0.002,-0.002,,,,,
2021-08,Undefined,599623,0.000,0.002,-0.002,,,,,
2021-08,Undefined,1307,0.000,0.002,-0.002,,,,,
2021-08,Undefined,148983,0.000,0.003,-0.003,,,,,
2021-08,Undefined,900,0.000,0.003,-0.003,,,,,
2021-08,Undefined,1360,0.000,0.003,-0.003,,,,,
2021-08,Undefined,341585,0.000,0.004,-0.004,,,,,
2021-08,Undefined,591238,0.000,0.004,-0.004,,,,,
2021-08,Undefined,235816,0.000,0.004,-0.004,,,,,
2021-08,Undefined,982,0.000,0.004,-0.004,,,,,
2021-08,Undefined,345483,0.000,0.005,-0.005,,,,,
2021-08,Undefined,562650,0.000,0.005,-0.005,,,,,
2021-08,Undefined,368663,0.000,0.005,-0.005,,,,,
2021-08,Undefined,131495,0.000,0.006,-0.006,,,,,
2021-08,Undefined,149235,0.000,0.006,-0.006,,,,,
2021-08,Undefined,590699,0.000,0.007,-0.007,,,,,
2021-08,Undefined,1348,0.000,0.012,-0.012,,,,,
2021-08,Undefined,146213,0.000,0.015,-0.015,,,,,
2021-08,Undefined,889925,0.000,0.029,-0.029,,,,,
2021-08,Undefined,146547,0.000,0.053,-0.053,,,,,
2021-08,Undefined,345514,0.000,0.071,-0.071,,,,,
2021-10,Diatom,148899,0.254,0.012,0.242,,,,,
2021-10,Diatom,149069,0.224,0.002,0.223,,,,,
2021-10,Diatom,148969,0.106,0.000,0.106,,,,,
2021-10,Diatom,345513,0.064,0.000,0.064,,,,,
2021-10,Diatom,148985,0.062,0.001,0.062,,,,,
2021-10,Diatom,447730,0.058,0.000,0.058,,,,,
2021-10,Diatom,149023,0.038,0.000,0.038,,,,,
2021-10,Diatom,149130,0.036,0.002,0.034,,,,,
2021-10,Diatom,591192,0.028,0.000,0.028,,,,,
2021-10,Diatom,162969,0.022,0.000,0.022,,,,,
2021-10,Diatom,149322,0.020,0.000,0.020,,,,,
2021-10,Diatom,149149,0.019,0.000,0.019,,,,,
2021-10,Diatom,157440,0.019,0.000,0.019,,,,,
2021-10,Diatom,149151,0.008,0.000,0.008,,,,,
2021-10,Diatom,149132,0.007,0.000,0.007,,,,,
2021-10,Diatom,149120,0.003,0.000,0.003,,,,,
2021-10,Diatom,148971,0.003,0.000,0.003,,,,,
2021-10,Diatom,148947,0.003,0.000,0.003,,,,,
2021-10,Diatom,149054,0.003,0.000,0.003,,,,,
2021-10,Diatom,149112,0.003,0.001,0.002,,,,,
2021-10,Diatom,148948,0.001,0.000,0.001,,,,,
2021-10,Diatom,149018,0.001,0.000,0.001,,,,,
2021-10,Diatom,149118,0.001,0.000,0.001,,,,,
2021-10,Diatom,836581,0.001,0.000,0.001,,,,,
2021-10,Diatom,149630,0.001,0.000,0.001,,,,,
2021-10,Diatom,148949,0.001,0.000,0.001,,,,,
2021-10,Diatom,148953,0.001,0.000,0.001,,,,,
2021-10,Diatom,345491,0.001,0.000,0.001,,,,,
2021-10,Diatom,149145,0.001,0.000,0.001,,,,,
2021-10,Diatom,148966,0.000,0.000,0.000,,,,,
2021-10,Diatom,149003,0.000,0.000,0.000,,,,,
2021-10,Diatom,149092,0.000,0.000,0.000,,,,,
2021-10,Diatom,149135,0.000,0.000,0.000,,,,,
2021-10,Diatom,149137,0.000,0.000,0.000,,,,,
2021-10,Diatom,149219,0.000,0.000,0.000,,,,,
2021-10,Diatom,149619,0.000,0.000,0.000,,,,,
2021-10,Diatom,148967,0.000,0.000,0.000,,,,,
2021-10,Diatom,148917,0.000,0.000,0.000,,,,,
2021-10,Diatom,149233,0.000,0.000,0.000,,,,,
2021-10,Diatom,149004,0.000,0.000,0.000,,,,,
2021-10,Diatom,149037,0.000,0.000,0.000,,,,,
2021-10,Diatom,149126,0.000,0.000,0.000,,,,,
2021-10,Diatom,149158,0.000,0.000,0.000,,,,,
2021-10,Diatom,149179,0.000,0.000,0.000,,,,,
2021-10,Diatom,148952,0.000,0.000,0.000,,,,,
2021-10,Diatom,149055,0.000,0.000,0.000,,,,,
2021-10,Diatom,149144,0.000,0.000,0.000,,,,,
2021-10,Diatom,149181,0.000,0.000,0.000,,,,,
2021-10,Diatom,149113,0.000,0.000,0.000,,,,,
2021-10,Diatom,149165,0.000,0.000,0.000,,,,,
2021-10,Diatom,148944,0.000,0.000,0.000,,,,,
2021-10,Diatom,149021,0.000,0.000,0.000,,,,,
2021-10,Diatom,149134,0.000,0.000,0.000,,,,,
2021-10,Diatom,149234,0.000,0.000,0.000,,,,,
2021-10,Diatom,149236,0.000,0.000,0.000,,,,,
2021-10,Diatom,148994,0.000,0.000,0.000,,,,,
2021-10,Diatom,149313,0.000,0.000,0.000,,,,,
2021-10,Diatom,149167,0.000,0.000,0.000,,,,,
2021-10,Diatom,148934,0.000,0.000,0.000,,,,,
2021-10,Diatom,149010,0.000,0.000,0.000,,,,,
2021-10,Diatom,149241,0.000,0.000,0.000,,,,,
2021-10,Diatom,149106,0.000,0.000,0.000,,,,,
2021-10,Diatom,149116,0.000,0.000,0.000,,,,,
2021-10,Diatom,148963,0.000,0.000,0.000,,,,,
2021-10,Diatom,149045,0.000,0.000,0.000,,,,,
2021-10,Diatom,175584,0.000,0.001,-0.001,,,,,
2021-10,Diatom,148984,0.000,0.001,-0.001,,,,,
2021-10,Diatom,149015,0.000,0.001,-0.001,,,,,
2021-10,Diatom,172418,0.000,0.001,-0.001,,,,,
2021-10,Diatom,148905,0.000,0.001,-0.001,,,,,
2021-10,Diatom,345493,0.000,0.001,-0.001,,,,,
2021-10,Diatom,149001,0.000,0.001,-0.001,,,,,
2021-10,Diatom,149111,0.000,0.001,-0.001,,,,,
2021-10,Diatom,149038,0.000,0.002,-0.002,,,,,
2021-10,Diatom,149002,0.000,0.002,-0.002,,,,,
2021-10,Diatom,149068,0.003,0.005,-0.002,,,,,
2021-10,Diatom,148904,0.000,0.003,-0.003,,,,,
2021-10,Diatom,149115,0.000,0.003,-0.003,,,,,
2021-10,Diatom,149073,0.000,0.004,-0.004,,,,,
2021-10,Diatom,148900,0.000,0.008,-0.008,,,,,
2021-10,Diatom,148912,0.000,0.013,-0.013,,,,,
2021-10,Diatom,148903,0.000,0.019,-0.019,,,,,
2021-10,Diatom,148898,0.000,0.040,-0.040,,,,,
2021-10,Dinoflagellate,840626,0.008,0.000,0.008,,,,,
2021-10,Dinoflagellate,109553,0.002,0.001,0.001,,,,,
2021-10,Dinoflagellate,494057,0.000,0.000,0.000,,,,,
2021-10,Dinoflagellate,109428,0.000,0.000,0.000,,,,,
2021-10,Dinoflagellate,109438,0.000,0.000,0.000,,,,,
2021-10,Dinoflagellate,109462,0.000,0.000,0.000,,,,,
2021-10,Dinoflagellate,109490,0.000,0.000,0.000,,,,,
2021-10,Dinoflagellate,109504,0.000,0.000,0.000,,,,,
2021-10,Dinoflagellate,110220,0.000,0.000,0.000,,,,,
2021-10,Dinoflagellate,110303,0.000,0.000,0.000,,,,,
2021-10,Dinoflagellate,163862,0.000,0.000,0.000,,,,,
2021-10,Dinoflagellate,231799,0.000,0.000,0.000,,,,,
2021-10,Dinoflagellate,233024,0.000,0.000,0.000,,,,,
2021-10,Dinoflagellate,233037,0.000,0.000,0.000,,,,,
2021-10,Dinoflagellate,599664,0.000,0.000,0.000,,,,,
2021-10,Dinoflagellate,109492,0.000,0.000,0.000,,,,,
2021-10,Dinoflagellate,110208,0.000,0.000,0.000,,,,,
2021-10,Dinoflagellate,110213,0.000,0.000,0.000,,,,,
2021-10,Dinoflagellate,109406,0.000,0.000,0.000,,,,,
2021-10,Dinoflagellate,109899,0.000,0.000,0.000,,,,,
2021-10,Dinoflagellate,109485,0.000,0.000,0.000,,,,,
2021-10,Dinoflagellate,232861,0.000,0.000,0.000,,,,,
2021-10,Dinoflagellate,109474,0.000,0.000,0.000,,,,,
2021-10,Dinoflagellate,232785,0.000,0.000,0.000,,,,,
2021-10,Dinoflagellate,109549,0.000,0.000,0.000,,,,,
2021-10,Dinoflagellate,110229,0.000,0.000,0.000,,,,,
2021-10,Dinoflagellate,391508,0.000,0.000,0.000,,,,,
2021-10,Dinoflagellate,109478,0.000,0.000,0.000,,,,,
2021-10,Dinoflagellate,231787,0.000,0.000,0.000,,,,,
2021-10,Dinoflagellate,109418,0.000,0.000,0.000,,,,,
2021-10,Dinoflagellate,604918,0.000,0.000,0.000,,,,,
2021-10,Dinoflagellate,232546,0.000,0.000,0.000,,,,,
2021-10,Dinoflagellate,109435,0.000,0.000,0.000,,,,,
2021-10,Dinoflagellate,109393,0.000,0.000,0.000,,,,,
2021-10,Dinoflagellate,109784,0.000,0.000,0.000,,,,,
2021-10,Dinoflagellate,109500,0.000,0.000,0.000,,,,,
2021-10,Dinoflagellate,110248,0.000,0.001,-0.001,,,,,
2021-10,Dinoflagellate,494056,0.000,0.001,-0.001,,,,,
2021-10,Dinoflagellate,109467,0.000,0.001,-0.001,,,,,
2021-10,Dinoflagellate,246598,0.000,0.001,-0.001,,,,,
2021-10,Dinoflagellate,109396,0.000,0.001,-0.001,,,,,
2021-10,Dinoflagellate,109394,0.000,0.001,-0.001,,,,,
2021-10,Dinoflagellate,231793,0.000,0.002,-0.002,,,,,
2021-10,Dinoflagellate,109476,0.000,0.002,-0.002,,,,,
2021-10,Dinoflagellate,232716,0.000,0.003,-0.003,,,,,
2021-10,Dinoflagellate,109392,0.000,0.003,-0.003,,,,,
2021-10,Dinoflagellate,109442,0.000,0.003,-0.003,,,,,
2021-10,Dinoflagellate,231789,0.000,0.003,-0.003,,,,,
2021-10,Dinoflagellate,109475,0.000,0.004,-0.004,,,,,
2021-10,Dinoflagellate,109566,0.000,0.005,-0.005,,,,,
2021-10,Dinoflagellate,109921,0.000,0.006,-0.006,,,,,
2021-10,Dinoflagellate,109391,0.000,0.007,-0.007,,,,,
2021-10,Dinoflagellate,109410,0.000,0.008,-0.008,,,,,
2021-10,Dinoflagellate,19542,0.000,0.176,-0.176,,,,,
2021-10,Other,1302,0.000,0.000,0.000,,,,,
2021-10,Other,1358,0.000,0.000,0.000,,,,,
2021-10,Other,1371,0.000,0.000,0.000,,,,,
2021-10,Other,1410,0.000,0.000,0.000,,,,,
2021-10,Other,1806,0.000,0.000,0.000,,,,,
2021-10,Other,5953,0.000,0.000,0.000,,,,,
2021-10,Other,14355,0.000,0.000,0.000,,,,,
2021-10,Other,17793,0.000,0.000,0.000,,,,,
2021-10,Other,103989,0.000,0.000,0.000,,,,,
2021-10,Other,104262,0.000,0.000,0.000,,,,,
2021-10,Other,105541,0.000,0.000,0.000,,,,,
2021-10,Other,105601,0.000,0.000,0.000,,,,,
2021-10,Other,115126,0.000,0.000,0.000,,,,,
2021-10,Other,117517,0.000,0.000,0.000,,,,,
2021-10,Other,118027,0.000,0.000,0.000,,,,,
2021-10,Other,152391,0.000,0.000,0.000,,,,,
2021-10,Other,160584,0.000,0.000,0.000,,,,,
2021-10,Other,163780,0.000,0.000,0.000,,,,,
2021-10,Other,172813,0.000,0.000,0.000,,,,,
2021-10,Other,177482,0.000,0.000,0.000,,,,,
2021-10,Other,177604,0.000,0.000,0.000,,,,,
2021-10,Other,233761,0.000,0.000,0.000,,,,,
2021-10,Other,249725,0.000,0.000,0.000,,,,,
2021-10,Other,601744,0.000,0.000,0.000,,,,,
2021-10,Other,106289,0.000,0.000,0.000,,,,,
2021-10,Other,135263,0.000,0.000,0.000,,,,,
2021-10,Other,146557,0.000,0.000,0.000,,,,,
2021-10,Other,178594,0.000,0.000,0.000,,,,,
2021-10,Other,1071,0.000,0.000,0.000,,,,,
2021-10,Other,14260,0.000,0.000,0.000,,,,,
2021-10,Other,19948,0.000,0.000,0.000,,,,,
2021-10,Other,115351,0.000,0.000,0.000,,,,,
2021-10,Other,117368,0.000,0.000,0.000,,,,,
2021-10,Other,134531,0.000,0.000,0.000,,,,,
2021-10,Other,135513,0.000,0.000,0.000,,,,,
2021-10,Other,160595,0.000,0.000,0.000,,,,,
2021-10,Other,163057,0.000,0.000,0.000,,,,,
2021-10,Other,178597,0.000,0.000,0.000,,,,,
2021-10,Other,249721,0.000,0.000,0.000,,,,,
2021-10,Other,291417,0.000,0.000,0.000,,,,,
2021-10,Other,341353,0.000,0.000,0.000,,,,,
2021-10,Other,376081,0.000,0.000,0.000,,,,,
2021-10,Other,573884,0.000,0.000,0.000,,,,,
2021-10,Other,1320351,0.000,0.000,0.000,,,,,
2021-10,Other,793,0.000,0.000,0.000,,,,,
2021-10,Other,101198,0.000,0.000,0.000,,,,,
2021-10,Other,103990,0.000,0.000,0.000,,,,,
2021-10,Other,118073,0.000,0.000,0.000,,,,,
2021-10,Other,134566,0.000,0.000,0.000,,,,,
2021-10,Other,160575,0.000,0.000,0.000,,,,,
2021-10,Other,233759,0.000,0.000,0.000,,,,,
2021-10,Other,101,0.000,0.000,0.000,,,,,
2021-10,Other,799,0.000,0.000,0.000,,,,,
2021-10,Other,1135,0.000,0.000,0.000,,,,,
2021-10,Other,134545,0.000,0.000,0.000,,,,,
2021-10,Other,135220,0.000,0.000,0.000,,,,,
2021-10,Other,160563,0.000,0.000,0.000,,,,,
2021-10,Other,183566,0.000,0.000,0.000,,,,,
2021-10,Other,248096,0.000,0.000,0.000,,,,,
2021-10,Other,425487,0.000,0.000,0.000,,,,,
2021-10,Other,577493,0.000,0.000,0.000,,,,,
2021-10,Other,979,0.000,0.000,0.000,,,,,
2021-10,Other,1795,0.000,0.000,0.000,,,,,
2021-10,Other,105450,0.000,0.000,0.000,,,,,
2021-10,Other,105513,0.000,0.000,0.000,,,,,
2021-10,Other,106422,0.000,0.000,0.000,,,,,
2021-10,Other,115058,0.000,0.000,0.000,,,,,
2021-10,Other,115153,0.000,0.000,0.000,,,,,
2021-10,Other,134541,0.000,0.000,0.000,,,,,
2021-10,Other,146549,0.000,0.000,0.000,,,,,
2021-10,Other,160583,0.000,0.000,0.000,,,,,
2021-10,Other,235747,0.000,0.000,0.000,,,,,
2021-10,Other,292893,0.000,0.000,0.000,,,,,
2021-10,Other,493821,0.000,0.000,0.000,,,,,
2021-10,Other,1104,0.000,0.000,0.000,,,,,
2021-10,Other,21000,0.000,0.000,0.000,,,,,
2021-10,Other,104240,0.000,0.000,0.000,,,,,
2021-10,Other,115086,0.000,0.000,0.000,,,,,
2021-10,Other,117030,0.000,0.000,0.000,,,,,
2021-10,Other,51,0.000,0.000,0.000,,,,,
2021-10,Other,21001,0.000,0.000,0.000,,,,,
2021-10,Other,115073,0.000,0.000,0.000,,,,,
2021-10,Other,531467,0.000,0.000,0.000,,,,,
2021-10,Other,13551,0.000,0.000,0.000,,,,,
2021-10,Other,134563,0.000,0.000,0.000,,,,,
2021-10,Other,104241,0.000,0.000,0.000,,,,,
2021-10,Other,110722,0.000,0.000,0.000,,,,,
2021-10,Other,160581,0.000,0.000,0.000,,,,,
2021-10,Other,104685,0.000,0.000,0.000,,,,,
2021-10,Other,106346,0.000,0.000,0.000,,,,,
2021-10,Other,160585,0.000,0.000,0.000,,,,,
2021-10,Other,183533,0.000,0.000,0.000,,,,,
2021-10,Other,292897,0.000,0.000,0.000,,,,,
2021-10,Other,732333,0.000,0.000,0.000,,,,,
2021-10,Other,1103,0.000,0.000,0.000,,,,,
2021-10,Other,106287,0.000,0.000,0.000,,,,,
2021-10,Other,157258,0.000,0.000,0.000,,,,,
2021-10,Other,1101,0.000,0.000,0.000,,,,,
2021-10,Other,146142,0.000,0.000,0.000,,,,,
2021-10,Other,247915,0.000,0.000,0.000,,,,,
2021-10,Other,1434803,0.000,0.000,0.000,,,,,
2021-10,Other,160582,0.000,0.000,0.000,,,,,
2021-10,Other,146232,0.000,0.000,0.000,,,,,
2021-10,Other,601293,0.000,0.000,0.000,,,,,
2021-10,Other,802,0.000,0.000,0.000,,,,,
2021-10,Other,129619,0.000,0.000,0.000,,,,,
2021-10,Other,1249,0.000,0.000,0.000,,,,,
2021-10,Other,134564,0.000,0.000,0.000,,,,,
2021-10,Other,104196,0.000,0.000,0.000,,,,,
2021-10,Other,134529,0.000,0.000,0.000,,,,,
2021-10,Other,101195,0.000,0.000,0.000,,,,,
2021-10,Other,104872,0.000,0.000,0.000,,,,,
2021-10,Other,106285,0.000,0.000,0.000,,,,,
2021-10,Other,248097,0.000,0.000,0.000,,,,,
2021-10,Other,104152,0.000,0.001,-0.001,,,,,
2021-10,Other,134533,0.000,0.001,-0.001,,,,,
2021-10,Other,146624,0.000,0.001,-0.001,,,,,
2021-10,Other,1444150,0.000,0.001,-0.001,,,,,
2021-10,Other,157256,0.000,0.001,-0.001,,,,,
2021-10,Other,425497,0.000,0.001,-0.001,,,,,
2021-10,Other,115060,0.000,0.001,-0.001,,,,,
2021-10,Other,1102,0.000,0.001,-0.001,,,,,
2021-10,Other,160564,0.000,0.001,-0.001,,,,,
2021-10,Other,129437,0.000,0.001,-0.001,,,,,
2021-10,Other,115090,0.000,0.001,-0.001,,,,,
2021-10,Other,105,0.000,0.001,-0.001,,,,,
2021-10,Other,1606,0.000,0.001,-0.001,,,,,
2021-10,Other,17651,0.000,0.001,-0.001,,,,,
2021-10,Other,118051,0.000,0.001,-0.001,,,,,
2021-10,Other,146606,0.000,0.001,-0.001,,,,,
2021-10,Other,416523,0.000,0.001,-0.001,,,,,
2021-10,Other,119077,0.000,0.001,-0.001,,,,,
2021-10,Other,160572,0.000,0.001,-0.001,,,,,
2021-10,Other,115104,0.000,0.001,-0.001,,,,,
2021-10,Other,146230,0.000,0.001,-0.001,,,,,
2021-10,Other,118075,0.000,0.001,-0.001,,,,,
2021-10,Other,160597,0.000,0.002,-0.002,,,,,
2021-10,Other,882,0.000,0.002,-0.002,,,,,
2021-10,Other,115061,0.000,0.002,-0.002,,,,,
2021-10,Other,913,0.000,0.002,-0.002,,,,,
2021-10,Other,1065,0.000,0.002,-0.002,,,,,
2021-10,Other,146543,0.000,0.002,-0.002,,,,,
2021-10,Other,118011,0.000,0.002,-0.002,,,,,
2021-10,Other,1248,0.000,0.002,-0.002,,,,,
2021-10,Other,1267,0.000,0.002,-0.002,,,,,
2021-10,Other,17639,0.000,0.002,-0.002,,,,,
2021-10,Other,118014,0.000,0.003,-0.003,,,,,
2021-10,Other,1337,0.000,0.003,-0.003,,,,,
2021-10,Other,115088,0.000,0.003,-0.003,,,,,
2021-10,Other,128545,0.000,0.003,-0.003,,,,,
2021-10,Other,118028,0.000,0.003,-0.003,,,,,
2021-10,Other,117535,0.000,0.003,-0.003,,,,,
2021-10,Other,1100,0.000,0.004,-0.004,,,,,
2021-10,Other,801,0.000,0.004,-0.004,,,,,
2021-10,Other,13552,0.000,0.005,-0.005,,,,,
2021-10,Other,883,0.000,0.005,-0.005,,,,,
2021-10,Other,1789,0.000,0.005,-0.005,,,,,
2021-10,Other,11,0.000,0.006,-0.006,,,,,
2021-10,Other,1292,0.000,0.008,-0.008,,,,,
2021-10,Other,17640,0.000,0.010,-0.010,,,,,
2021-10,Other,369190,0.000,0.012,-0.012,,,,,
2021-10,Other,146603,0.000,0.013,-0.013,,,,,
2021-10,Other,1486573,0.000,0.024,-0.024,,,,,
2021-10,Other,146537,0.000,0.145,-0.145,,,,,
2021-10,Undefined,146582,0.000,0.000,0.000,,,,,
2021-10,Undefined,148951,0.000,0.000,0.000,,,,,
2021-10,Undefined,794,0.000,0.000,0.000,,,,,
2021-10,Undefined,839,0.000,0.000,0.000,,,,,
2021-10,Undefined,845,0.000,0.000,0.000,,,,,
2021-10,Undefined,871,0.000,0.000,0.000,,,,,
2021-10,Undefined,985,0.000,0.000,0.000,,,,,
2021-10,Undefined,1598,0.000,0.000,0.000,,,,,
2021-10,Undefined,1762,0.000,0.000,0.000,,,,,
2021-10,Undefined,1777,0.000,0.000,0.000,,,,,
2021-10,Undefined,2143,0.000,0.000,0.000,,,,,
2021-10,Undefined,2213,0.000,0.000,0.000,,,,,
2021-10,Undefined,2851,0.000,0.000,0.000,,,,,
2021-10,Undefined,5949,0.000,0.000,0.000,,,,,
2021-10,Undefined,5950,0.000,0.000,0.000,,,,,
2021-10,Undefined,8038,0.000,0.000,0.000,,,,,
2021-10,Undefined,14165,0.000,0.000,0.000,,,,,
2021-10,Undefined,15241,0.000,0.000,0.000,,,,,
2021-10,Undefined,22579,0.000,0.000,0.000,,,,,
2021-10,Undefined,22973,0.000,0.000,0.000,,,,,
2021-10,Undefined,101064,0.000,0.000,0.000,,,,,
2021-10,Undefined,101679,0.000,0.000,0.000,,,,,
2021-10,Undefined,104023,0.000,0.000,0.000,,,,,
2021-10,Undefined,104081,0.000,0.000,0.000,,,,,
2021-10,Undefined,105399,0.000,0.000,0.000,,,,,
2021-10,Undefined,105511,0.000,0.000,0.000,,,,,
2021-10,Undefined,105569,0.000,0.000,0.000,,,,,
2021-10,Undefined,105612,0.000,0.000,0.000,,,,,
2021-10,Undefined,105684,0.000,0.000,0.000,,,,,
2021-10,Undefined,109426,0.000,0.000,0.000,,,,,
2021-10,Undefined,109572,0.000,0.000,0.000,,,,,
2021-10,Undefined,111411,0.000,0.000,0.000,,,,,
2021-10,Undefined,111525,0.000,0.000,0.000,,,,,
2021-10,Undefined,115444,0.000,0.000,0.000,,,,,
2021-10,Undefined,115723,0.000,0.000,0.000,,,,,
2021-10,Undefined,117377,0.000,0.000,0.000,,,,,
2021-10,Undefined,118006,0.000,0.000,0.000,,,,,
2021-10,Undefined,118058,0.000,0.000,0.000,,,,,
2021-10,Undefined,118100,0.000,0.000,0.000,,,,,
2021-10,Undefined,120240,0.000,0.000,0.000,,,,,
2021-10,Undefined,120563,0.000,0.000,0.000,,,,,
2021-10,Undefined,125274,0.000,0.000,0.000,,,,,
2021-10,Undefined,129686,0.000,0.000,0.000,,,,,
2021-10,Undefined,130839,0.000,0.000,0.000,,,,,
2021-10,Undefined,130843,0.000,0.000,0.000,,,,,
2021-10,Undefined,130852,0.000,0.000,0.000,,,,,
2021-10,Undefined,131114,0.000,0.000,0.000,,,,,
2021-10,Undefined,131495,0.000,0.000,0.000,,,,,
2021-10,Undefined,131593,0.000,0.000,0.000,,,,,
2021-10,Undefined,134919,0.000,0.000,0.000,,,,,
2021-10,Undefined,136743,0.000,0.000,0.000,,,,,
2021-10,Undefined,136744,0.000,0.000,0.000,,,,,
2021-10,Undefined,138154,0.000,0.000,0.000,,,,,
2021-10,Undefined,143664,0.000,0.000,0.000,,,,,
2021-10,Undefined,143772,0.000,0.000,0.000,,,,,
2021-10,Undefined,144228,0.000,0.000,0.000,,,,,
2021-10,Undefined,146216,0.000,0.000,0.000,,,,,
2021-10,Undefined,146249,0.000,0.000,0.000,,,,,
2021-10,Undefined,146665,0.000,0.000,0.000,,,,,
2021-10,Undefined,149053,0.000,0.000,0.000,,,,,
2021-10,Undefined,150319,0.000,0.000,0.000,,,,,
2021-10,Undefined,151155,0.000,0.000,0.000,,,,,
2021-10,Undefined,160333,0.000,0.000,0.000,,,,,
2021-10,Undefined,163060,0.000,0.000,0.000,,,,,
2021-10,Undefined,163158,0.000,0.000,0.000,,,,,
2021-10,Undefined,178544,0.000,0.000,0.000,,,,,
2021-10,Undefined,178780,0.000,0.000,0.000,,,,,
2021-10,Undefined,178852,0.000,0.000,0.000,,,,,
2021-10,Undefined,179049,0.000,0.000,0.000,,,,,
2021-10,Undefined,179270,0.000,0.000,0.000,,,,,
2021-10,Undefined,182702,0.000,0.000,0.000,,,,,
2021-10,Undefined,196290,0.000,0.000,0.000,,,,,
2021-10,Undefined,206253,0.000,0.000,0.000,,,,,
2021-10,Undefined,231792,0.000,0.000,0.000,,,,,
2021-10,Undefined,231794,0.000,0.000,0.000,,,,,
2021-10,Undefined,232953,0.000,0.000,0.000,,,,,
2021-10,Undefined,233845,0.000,0.000,0.000,,,,,
2021-10,Undefined,235741,0.000,0.000,0.000,,,,,
2021-10,Undefined,246828,0.000,0.000,0.000,,,,,
2021-10,Undefined,293140,0.000,0.000,0.000,,,,,
2021-10,Undefined,345463,0.000,0.000,0.000,,,,,
2021-10,Undefined,345509,0.000,0.000,0.000,,,,,
2021-10,Undefined,353995,0.000,0.000,0.000,,,,,
2021-10,Undefined,368697,0.000,0.000,0.000,,,,,
2021-10,Undefined,368706,0.000,0.000,0.000,,,,,
2021-10,Undefined,368782,0.000,0.000,0.000,,,,,
2021-10,Undefined,368875,0.000,0.000,0.000,,,,,
2021-10,Undefined,368882,0.000,0.000,0.000,,,,,
2021-10,Undefined,368887,0.000,0.000,0.000,,,,,
2021-10,Undefined,369178,0.000,0.000,0.000,,,,,
2021-10,Undefined,369536,0.000,0.000,0.000,,,,,
2021-10,Undefined,370098,0.000,0.000,0.000,,,,,
2021-10,Undefined,376277,0.000,0.000,0.000,,,,,
2021-10,Undefined,377084,0.000,0.000,0.000,,,,,
2021-10,Undefined,390977,0.000,0.000,0.000,,,,,
2021-10,Undefined,395046,0.000,0.000,0.000,,,,,
2021-10,Undefined,414708,0.000,0.000,0.000,,,,,
2021-10,Undefined,414714,0.000,0.000,0.000,,,,,
2021-10,Undefined,414715,0.000,0.000,0.000,,,,,
2021-10,Undefined,414856,0.000,0.000,0.000,,,,,
2021-10,Undefined,414889,0.000,0.000,0.000,,,,,
2021-10,Undefined,414900,0.000,0.000,0.000,,,,,
2021-10,Undefined,415511,0.000,0.000,0.000,,,,,
2021-10,Undefined,416125,0.000,0.000,0.000,,,,,
2021-10,Undefined,417153,0.000,0.000,0.000,,,,,
2021-10,Undefined,425527,0.000,0.000,0.000,,,,,
2021-10,Undefined,425576,0.000,0.000,0.000,,,,,
2021-10,Undefined,427050,0.000,0.000,0.000,,,,,
2021-10,Undefined,428735,0.000,0.000,0.000,,,,,
2021-10,Undefined,484258,0.000,0.000,0.000,,,,,
2021-10,Undefined,493829,0.000,0.000,0.000,,,,,
2021-10,Undefined,493882,0.000,0.000,0.000,,,,,
2021-10,Undefined,537231,0.000,0.000,0.000,,,,,
2021-10,Undefined,562641,0.000,0.000,0.000,,,,,
2021-10,Undefined,573267,0.000,0.000,0.000,,,,,
2021-10,Undefined,577669,0.000,0.000,0.000,,,,,
2021-10,Undefined,578238,0.000,0.000,0.000,,,,,
2021-10,Undefined,582188,0.000,0.000,0.000,,,,,
2021-10,Undefined,593690,0.000,0.000,0.000,,,,,
2021-10,Undefined,596330,0.000,0.000,0.000,,,,,
2021-10,Undefined,599682,0.000,0.000,0.000,,,,,
2021-10,Undefined,599683,0.000,0.000,0.000,,,,,
2021-10,Undefined,603289,0.000,0.000,0.000,,,,,
2021-10,Undefined,643825,0.000,0.000,0.000,,,,,
2021-10,Undefined,722979,0.000,0.000,0.000,,,,,
2021-10,Undefined,732815,0.000,0.000,0.000,,,,,
2021-10,Undefined,761431,0.000,0.000,0.000,,,,,
2021-10,Undefined,836271,0.000,0.000,0.000,,,,,
2021-10,Undefined,836674,0.000,0.000,0.000,,,,,
2021-10,Undefined,837989,0.000,0.000,0.000,,,,,
2021-10,Undefined,840183,0.000,0.000,0.000,,,,,
2021-10,Undefined,872073,0.000,0.000,0.000,,,,,
2021-10,Undefined,872101,0.000,0.000,0.000,,,,,
2021-10,Undefined,872102,0.000,0.000,0.000,,,,,
2021-10,Undefined,886280,0.000,0.000,0.000,,,,,
2021-10,Undefined,886453,0.000,0.000,0.000,,,,,
2021-10,Undefined,888636,0.000,0.000,0.000,,,,,
2021-10,Undefined,1584400,0.000,0.000,0.000,,,,,
2021-10,Undefined,1635532,0.000,0.000,0.000,,,,,
2021-10,Undefined,1647552,0.000,0.000,0.000,,,,,
2021-10,Undefined,1653576,0.000,0.000,0.000,,,,,
2021-10,Undefined,1736253,0.000,0.000,0.000,,,,,
2021-10,Undefined,1736974,0.000,0.000,0.000,,,,,
2021-10,Undefined,106286,0.000,0.000,0.000,,,,,
2021-10,Undefined,172178,0.000,0.000,0.000,,,,,
2021-10,Undefined,207,0.000,0.000,0.000,,,,,
2021-10,Undefined,1294,0.000,0.000,0.000,,,,,
2021-10,Undefined,1317,0.000,0.000,0.000,,,,,
2021-10,Undefined,22564,0.000,0.000,0.000,,,,,
2021-10,Undefined,22724,0.000,0.000,0.000,,,,,
2021-10,Undefined,100656,0.000,0.000,0.000,,,,,
2021-10,Undefined,100681,0.000,0.000,0.000,,,,,
2021-10,Undefined,104913,0.000,0.000,0.000,,,,,
2021-10,Undefined,106413,0.000,0.000,0.000,,,,,
2021-10,Undefined,122303,0.000,0.000,0.000,,,,,
2021-10,Undefined,123081,0.000,0.000,0.000,,,,,
2021-10,Undefined,129621,0.000,0.000,0.000,,,,,
2021-10,Undefined,129722,0.000,0.000,0.000,,,,,
2021-10,Undefined,130866,0.000,0.000,0.000,,,,,
2021-10,Undefined,131191,0.000,0.000,0.000,,,,,
2021-10,Undefined,131595,0.000,0.000,0.000,,,,,
2021-10,Undefined,131601,0.000,0.000,0.000,,,,,
2021-10,Undefined,135225,0.000,0.000,0.000,,,,,
2021-10,Undefined,135258,0.000,0.000,0.000,,,,,
2021-10,Undefined,135635,0.000,0.000,0.000,,,,,
2021-10,Undefined,141433,0.000,0.000,0.000,,,,,
2021-10,Undefined,143723,0.000,0.000,0.000,,,,,
2021-10,Undefined,148962,0.000,0.000,0.000,,,,,
2021-10,Undefined,155670,0.000,0.000,0.000,,,,,
2021-10,Undefined,162693,0.000,0.000,0.000,,,,,
2021-10,Undefined,162923,0.000,0.000,0.000,,,,,
2021-10,Undefined,162961,0.000,0.000,0.000,,,,,
2021-10,Undefined,205469,0.000,0.000,0.000,,,,,
2021-10,Undefined,248136,0.000,0.000,0.000,,,,,
2021-10,Undefined,334129,0.000,0.000,0.000,,,,,
2021-10,Undefined,341306,0.000,0.000,0.000,,,,,
2021-10,Undefined,345487,0.000,0.000,0.000,,,,,
2021-10,Undefined,345489,0.000,0.000,0.000,,,,,
2021-10,Undefined,345847,0.000,0.000,0.000,,,,,
2021-10,Undefined,368685,0.000,0.000,0.000,,,,,
2021-10,Undefined,375881,0.000,0.000,0.000,,,,,
2021-10,Undefined,390975,0.000,0.000,0.000,,,,,
2021-10,Undefined,394573,0.000,0.000,0.000,,,,,
2021-10,Undefined,414691,0.000,0.000,0.000,,,,,
2021-10,Undefined,414693,0.000,0.000,0.000,,,,,
2021-10,Undefined,414839,0.000,0.000,0.000,,,,,
2021-10,Undefined,417239,0.000,0.000,0.000,,,,,
2021-10,Undefined,425737,0.000,0.000,0.000,,,,,
2021-10,Undefined,451642,0.000,0.000,0.000,,,,,
2021-10,Undefined,493313,0.000,0.000,0.000,,,,,
2021-10,Undefined,562786,0.000,0.000,0.000,,,,,
2021-10,Undefined,563357,0.000,0.000,0.000,,,,,
2021-10,Undefined,573995,0.000,0.000,0.000,,,,,
2021-10,Undefined,577610,0.000,0.000,0.000,,,,,
2021-10,Undefined,582189,0.000,0.000,0.000,,,,,
2021-10,Undefined,582193,0.000,0.000,0.000,,,,,
2021-10,Undefined,582205,0.000,0.000,0.000,,,,,
2021-10,Undefined,591178,0.000,0.000,0.000,,,,,
2021-10,Undefined,591254,0.000,0.000,0.000,,,,,
2021-10,Undefined,595084,0.000,0.000,0.000,,,,,
2021-10,Undefined,600783,0.000,0.000,0.000,,,,,
2021-10,Undefined,603763,0.000,0.000,0.000,,,,,
2021-10,Undefined,724314,0.000,0.000,0.000,,,,,
2021-10,Undefined,730805,0.000,0.000,0.000,,,,,
2021-10,Undefined,834679,0.000,0.000,0.000,,,,,
2021-10,Undefined,834682,0.000,0.000,0.000,,,,,
2021-10,Undefined,836564,0.000,0.000,0.000,,,,,
2021-10,Undefined,1030592,0.000,0.000,0.000,,,,,
2021-10,Undefined,1486571,0.000,0.000,0.000,,,,,
2021-10,Undefined,1535025,0.000,0.000,0.000,,,,,
2021-10,Undefined,1635533,0.000,0.000,0.000,,,,,
2021-10,Undefined,1653535,0.000,0.000,0.000,,,,,
2021-10,Undefined,1731732,0.000,0.000,0.000,,,,,
2021-10,Undefined,1736973,0.000,0.000,0.000,,,,,
2021-10,Undefined,345515,0.000,0.000,0.000,,,,,
2021-10,Undefined,1250,0.000,0.000,0.000,,,,,
2021-10,Undefined,22737,0.000,0.000,0.000,,,,,
2021-10,Undefined,101182,0.000,0.000,0.000,,,,,
2021-10,Undefined,105505,0.000,0.000,0.000,,,,,
2021-10,Undefined,106317,0.000,0.000,0.000,,,,,
2021-10,Undefined,110723,0.000,0.000,0.000,,,,,
2021-10,Undefined,129710,0.000,0.000,0.000,,,,,
2021-10,Undefined,136093,0.000,0.000,0.000,,,,,
2021-10,Undefined,137288,0.000,0.000,0.000,,,,,
2021-10,Undefined,146608,0.000,0.000,0.000,,,,,
2021-10,Undefined,157237,0.000,0.000,0.000,,,,,
2021-10,Undefined,157466,0.000,0.000,0.000,,,,,
2021-10,Undefined,162985,0.000,0.000,0.000,,,,,
2021-10,Undefined,234035,0.000,0.000,0.000,,,,,
2021-10,Undefined,341305,0.000,0.000,0.000,,,,,
2021-10,Undefined,341355,0.000,0.000,0.000,,,,,
2021-10,Undefined,345959,0.000,0.000,0.000,,,,,
2021-10,Undefined,368668,0.000,0.000,0.000,,,,,
2021-10,Undefined,391925,0.000,0.000,0.000,,,,,
2021-10,Undefined,414688,0.000,0.000,0.000,,,,,
2021-10,Undefined,422894,0.000,0.000,0.000,,,,,
2021-10,Undefined,549219,0.000,0.000,0.000,,,,,
2021-10,Undefined,562661,0.000,0.000,0.000,,,,,
2021-10,Undefined,573277,0.000,0.000,0.000,,,,,
2021-10,Undefined,582464,0.000,0.000,0.000,,,,,
2021-10,Undefined,591142,0.000,0.000,0.000,,,,,
2021-10,Undefined,595199,0.000,0.000,0.000,,,,,
2021-10,Undefined,599617,0.000,0.000,0.000,,,,,
2021-10,Undefined,601409,0.000,0.000,0.000,,,,,
2021-10,Undefined,707589,0.000,0.000,0.000,,,,,
2021-10,Undefined,762062,0.000,0.000,0.000,,,,,
2021-10,Undefined,836361,0.000,0.000,0.000,,,,,
2021-10,Undefined,837382,0.000,0.000,0.000,,,,,
2021-10,Undefined,872112,0.000,0.000,0.000,,,,,
2021-10,Undefined,886282,0.000,0.000,0.000,,,,,
2021-10,Undefined,1361129,0.000,0.000,0.000,,,,,
2021-10,Undefined,1371601,0.000,0.000,0.000,,,,,
2021-10,Undefined,1653503,0.000,0.000,0.000,,,,,
2021-10,Undefined,1736185,0.000,0.000,0.000,,,,,
2021-10,Undefined,1737334,0.000,0.000,0.000,,,,,
2021-10,Undefined,15378,0.000,0.000,0.000,,,,,
2021-10,Undefined,22582,0.000,0.000,0.000,,,,,
2021-10,Undefined,101397,0.000,0.000,0.000,,,,,
2021-10,Undefined,103339,0.000,0.000,0.000,,,,,
2021-10,Undefined,115141,0.000,0.000,0.000,,,,,
2021-10,Undefined,115178,0.000,0.000,0.000,,,,,
2021-10,Undefined,118045,0.000,0.000,0.000,,,,,
2021-10,Undefined,118066,0.000,0.000,0.000,,,,,
2021-10,Undefined,118068,0.000,0.000,0.000,,,,,
2021-10,Undefined,120662,0.000,0.000,0.000,,,,,
2021-10,Undefined,122314,0.000,0.000,0.000,,,,,
2021-10,Undefined,122358,0.000,0.000,0.000,,,,,
2021-10,Undefined,129898,0.000,0.000,0.000,,,,,
2021-10,Undefined,143755,0.000,0.000,0.000,,,,,
2021-10,Undefined,146178,0.000,0.000,0.000,,,,,
2021-10,Undefined,146218,0.000,0.000,0.000,,,,,
2021-10,Undefined,149254,0.000,0.000,0.000,,,,,
2021-10,Undefined,163556,0.000,0.000,0.000,,,,,
2021-10,Undefined,164811,0.000,0.000,0.000,,,,,
2021-10,Undefined,172144,0.000,0.000,0.000,,,,,
2021-10,Undefined,178596,0.000,0.000,0.000,,,,,
2021-10,Undefined,206594,0.000,0.000,0.000,,,,,
2021-10,Undefined,341321,0.000,0.000,0.000,,,,,
2021-10,Undefined,368670,0.000,0.000,0.000,,,,,
2021-10,Undefined,394974,0.000,0.000,0.000,,,,,
2021-10,Undefined,562832,0.000,0.000,0.000,,,,,
2021-10,Undefined,576879,0.000,0.000,0.000,,,,,
2021-10,Undefined,577497,0.000,0.000,0.000,,,,,
2021-10,Undefined,590939,0.000,0.000,0.000,,,,,
2021-10,Undefined,599658,0.000,0.000,0.000,,,,,
2021-10,Undefined,599659,0.000,0.000,0.000,,,,,
2021-10,Undefined,603291,0.000,0.000,0.000,,,,,
2021-10,Undefined,603911,0.000,0.000,0.000,,,,,
2021-10,Undefined,606128,0.000,0.000,0.000,,,,,
2021-10,Undefined,1030588,0.000,0.000,0.000,,,,,
2021-10,Undefined,1653529,0.000,0.000,0.000,,,,,
2021-10,Undefined,982,0.000,0.000,0.000,,,,,
2021-10,Undefined,1365,0.000,0.000,0.000,,,,,
2021-10,Undefined,1407,0.000,0.000,0.000,,,,,
2021-10,Undefined,109401,0.000,0.000,0.000,,,,,
2021-10,Undefined,136901,0.000,0.000,0.000,,,,,
2021-10,Undefined,149036,0.000,0.000,0.000,,,,,
2021-10,Undefined,163174,0.000,0.000,0.000,,,,,
2021-10,Undefined,196191,0.000,0.000,0.000,,,,,
2021-10,Undefined,345497,0.000,0.000,0.000,,,,,
2021-10,Undefined,369377,0.000,0.000,0.000,,,,,
2021-10,Undefined,376073,0.000,0.000,0.000,,,,,
2021-10,Undefined,415489,0.000,0.000,0.000,,,,,
2021-10,Undefined,577498,0.000,0.000,0.000,,,,,
2021-10,Undefined,581514,0.000,0.000,0.000,,,,,
2021-10,Undefined,599619,0.000,0.000,0.000,,,,,
2021-10,Undefined,600884,0.000,0.000,0.000,,,,,
2021-10,Undefined,836357,0.000,0.000,0.000,,,,,
2021-10,Undefined,872089,0.000,0.000,0.000,,,,,
2021-10,Undefined,1748110,0.000,0.000,0.000,,,,,
2021-10,Undefined,844,0.000,0.000,0.000,,,,,
2021-10,Undefined,980,0.000,0.000,0.000,,,,,
2021-10,Undefined,1781,0.000,0.000,0.000,,,,,
2021-10,Undefined,106324,0.000,0.000,0.000,,,,,
2021-10,Undefined,138474,0.000,0.000,0.000,,,,,
2021-10,Undefined,146664,0.000,0.000,0.000,,,,,
2021-10,Undefined,162949,0.000,0.000,0.000,,,,,
2021-10,Undefined,231813,0.000,0.000,0.000,,,,,
2021-10,Undefined,341320,0.000,0.000,0.000,,,,,
2021-10,Undefined,345500,0.000,0.000,0.000,,,,,
2021-10,Undefined,387397,0.000,0.000,0.000,,,,,
2021-10,Undefined,425464,0.000,0.000,0.000,,,,,
2021-10,Undefined,547449,0.000,0.000,0.000,,,,,
2021-10,Undefined,591134,0.000,0.000,0.000,,,,,
2021-10,Undefined,836638,0.000,0.000,0.000,,,,,
2021-10,Undefined,101194,0.000,0.000,0.000,,,,,
2021-10,Undefined,160546,0.000,0.000,0.000,,,,,
2021-10,Undefined,368684,0.000,0.000,0.000,,,,,
2021-10,Undefined,394869,0.000,0.000,0.000,,,,,
2021-10,Undefined,414720,0.000,0.000,0.000,,,,,
2021-10,Undefined,562841,0.000,0.000,0.000,,,,,
2021-10,Undefined,1476515,0.000,0.000,0.000,,,,,
2021-10,Undefined,1653511,0.000,0.000,0.000,,,,,
2021-10,Undefined,1653567,0.000,0.000,0.000,,,,,
2021-10,Undefined,146994,0.000,0.000,0.000,,,,,
2021-10,Undefined,889,0.000,0.000,0.000,,,,,
2021-10,Undefined,900,0.000,0.000,0.000,,,,,
2021-10,Undefined,1251,0.000,0.000,0.000,,,,,
2021-10,Undefined,1300,0.000,0.000,0.000,,,,,
2021-10,Undefined,1703,0.000,0.000,0.000,,,,,
2021-10,Undefined,22613,0.000,0.000,0.000,,,,,
2021-10,Undefined,101183,0.000,0.000,0.000,,,,,
2021-10,Undefined,105500,0.000,0.000,0.000,,,,,
2021-10,Undefined,109386,0.000,0.000,0.000,,,,,
2021-10,Undefined,117385,0.000,0.000,0.000,,,,,
2021-10,Undefined,134532,0.000,0.000,0.000,,,,,
2021-10,Undefined,136745,0.000,0.000,0.000,,,,,
2021-10,Undefined,234499,0.000,0.000,0.000,,,,,
2021-10,Undefined,474842,0.000,0.000,0.000,,,,,
2021-10,Undefined,562853,0.000,0.000,0.000,,,,,
2021-10,Undefined,591219,0.000,0.000,0.000,,,,,
2021-10,Undefined,593173,0.000,0.000,0.000,,,,,
2021-10,Undefined,1738565,0.000,0.000,0.000,,,,,
2021-10,Undefined,1748108,0.000,0.000,0.000,,,,,
2021-10,Undefined,368683,0.000,0.000,0.000,,,,,
2021-10,Undefined,1261,0.000,0.000,0.000,,,,,
2021-10,Undefined,104106,0.000,0.000,0.000,,,,,
2021-10,Undefined,118086,0.000,0.000,0.000,,,,,
2021-10,Undefined,341292,0.000,0.000,0.000,,,,,
2021-10,Undefined,354171,0.000,0.000,0.000,,,,,
2021-10,Undefined,393226,0.000,0.000,0.000,,,,,
2021-10,Undefined,956,0.000,0.000,0.000,,,,,
2021-10,Undefined,17330,0.000,0.000,0.000,,,,,
2021-10,Undefined,20999,0.000,0.000,0.000,,,,,
2021-10,Undefined,105498,0.000,0.000,0.000,,,,,
2021-10,Undefined,118088,0.000,0.000,0.000,,,,,
2021-10,Undefined,175582,0.000,0.000,0.000,,,,,
2021-10,Undefined,345469,0.000,0.000,0.000,,,,,
2021-10,Undefined,391862,0.000,0.000,0.000,,,,,
2021-10,Undefined,394012,0.000,0.000,0.000,,,,,
2021-10,Undefined,601282,0.000,0.000,0.000,,,,,
2021-10,Undefined,707626,0.000,0.000,0.000,,,,,
2021-10,Undefined,872070,0.000,0.000,0.000,,,,,
2021-10,Undefined,345501,0.000,0.000,0.000,,,,,
2021-10,Undefined,425465,0.000,0.000,0.000,,,,,
2021-10,Undefined,425652,0.000,0.000,0.000,,,,,
2021-10,Undefined,493889,0.000,0.000,0.000,,,,,
2021-10,Undefined,591137,0.000,0.000,0.000,,,,,
2021-10,Undefined,746931,0.000,0.000,0.000,,,,,
2021-10,Undefined,836365,0.000,0.000,0.000,,,,,
2021-10,Undefined,1737154,0.000,0.000,0.000,,,,,
2021-10,Undefined,17904,0.000,0.000,0.000,,,,,
2021-10,Undefined,22565,0.000,0.000,0.000,,,,,
2021-10,Undefined,122511,0.000,0.000,0.000,,,,,
2021-10,Undefined,172326,0.000,0.000,0.000,,,,,
2021-10,Undefined,234099,0.000,0.000,0.000,,,,,
2021-10,Undefined,341616,0.000,0.000,0.000,,,,,
2021-10,Undefined,355984,0.000,0.000,0.000,,,,,
2021-10,Undefined,417412,0.000,0.000,0.000,,,,,
2021-10,Undefined,425425,0.000,0.000,0.000,,,,,
2021-10,Undefined,599689,0.000,0.000,0.000,,,,,
2021-10,Undefined,872090,0.000,0.000,0.000,,,,,
2021-10,Undefined,1845405,0.000,0.000,0.000,,,,,
2021-10,Undefined,892,0.000,0.000,0.000,,,,,
2021-10,Undefined,22563,0.000,0.000,0.000,,,,,
2021-10,Undefined,109399,0.000,0.000,0.000,,,,,
2021-10,Undefined,136779,0.000,0.000,0.000,,,,,
2021-10,Undefined,246597,0.000,0.000,0.000,,,,,
2021-10,Undefined,248107,0.000,0.000,0.000,,,,,
2021-10,Undefined,345459,0.000,0.000,0.000,,,,,
2021-10,Undefined,345522,0.000,0.000,0.000,,,,,
2021-10,Undefined,345835,0.000,0.000,0.000,,,,,
2021-10,Undefined,495346,0.000,0.000,0.000,,,,,
2021-10,Undefined,603184,0.000,0.000,0.000,,,,,
2021-10,Undefined,761374,0.000,0.000,0.000,,,,,
2021-10,Undefined,1293730,0.000,0.000,0.000,,,,,
2021-10,Undefined,122305,0.000,0.000,0.000,,,,,
2021-10,Undefined,146166,0.000,0.000,0.000,,,,,
2021-10,Undefined,345495,0.000,0.000,0.000,,,,,
2021-10,Undefined,590565,0.000,0.000,0.000,,,,,
2021-10,Undefined,707629,0.000,0.000,0.000,,,,,
2021-10,Undefined,730532,0.000,0.000,0.000,,,,,
2021-10,Undefined,292892,0.000,0.000,0.000,,,,,
2021-10,Undefined,390772,0.000,0.000,0.000,,,,,
2021-10,Undefined,573266,0.000,0.000,0.000,,,,,
2021-10,Undefined,573888,0.000,0.000,0.000,,,,,
2021-10,Undefined,591233,0.000,0.000,0.000,,,,,
2021-10,Undefined,17903,0.000,0.000,0.000,,,,,
2021-10,Undefined,128551,0.000,0.000,0.000,,,,,
2021-10,Undefined,889997,0.000,0.000,0.000,,,,,
2021-10,Undefined,22624,0.000,0.000,0.000,,,,,
2021-10,Undefined,292895,0.000,0.000,0.000,,,,,
2021-10,Undefined,590566,0.000,0.000,0.000,,,,,
2021-10,Undefined,22156,0.000,0.000,0.000,,,,,
2021-10,Undefined,235815,0.000,0.000,0.000,,,,,
2021-10,Undefined,345494,0.000,0.000,0.000,,,,,
2021-10,Undefined,495194,0.000,0.000,0.000,,,,,
2021-10,Undefined,591176,0.000,0.000,0.000,,,,,
2021-10,Undefined,666434,0.000,0.000,0.000,,,,,
2021-10,Undefined,1731513,0.000,0.000,0.000,,,,,
2021-10,Undefined,104093,0.000,0.000,0.000,,,,,
2021-10,Undefined,146200,0.000,0.000,0.000,,,,,
2021-10,Undefined,235812,0.000,0.000,0.000,,,,,
2021-10,Undefined,235814,0.000,0.000,0.000,,,,,
2021-10,Undefined,744872,0.000,0.000,0.000,,,,,
2021-10,Undefined,149063,0.000,0.000,0.000,,,,,
2021-10,Undefined,582197,0.000,0.000,0.000,,,,,
2021-10,Undefined,593689,0.000,0.000,0.000,,,,,
2021-10,Undefined,836366,0.000,0.000,0.000,,,,,
2021-10,Undefined,1748107,0.000,0.000,0.000,,,,,
2021-10,Undefined,146556,0.000,0.000,0.000,,,,,
2021-10,Undefined,393201,0.000,0.000,0.000,,,,,
2021-10,Undefined,394011,0.000,0.000,0.000,,,,,
2021-10,Undefined,413963,0.000,0.000,0.000,,,,,
2021-10,Undefined,730534,0.000,0.000,0.000,,,,,
2021-10,Undefined,146544,0.000,0.000,0.000,,,,,
2021-10,Undefined,146548,0.000,0.000,0.000,,,,,
2021-10,Undefined,591248,0.000,0.000,0.000,,,,,
2021-10,Undefined,163265,0.000,0.000,0.000,,,,,
2021-10,Undefined,623449,0.000,0.000,0.000,,,,,
2021-10,Undefined,115072,0.000,0.000,0.000,,,,,
2021-10,Undefined,368883,0.000,0.000,0.000,,,,,
2021-10,Undefined,146174,0.000,0.001,-0.001,,,,,
2021-10,Undefined,345458,0.000,0.001,-0.001,,,,,
2021-10,Undefined,367301,0.000,0.001,-0.001,,,,,
2021-10,Undefined,368674,0.000,0.001,-0.001,,,,,
2021-10,Undefined,246596,0.000,0.001,-0.001,,,,,
2021-10,Undefined,345496,0.000,0.001,-0.001,,,,,
2021-10,Undefined,160573,0.000,0.001,-0.001,,,,,
2021-10,Undefined,536191,0.000,0.001,-0.001,,,,,
2021-10,Undefined,707553,0.000,0.001,-0.001,,,,,
2021-10,Undefined,888637,0.000,0.001,-0.001,,,,,
2021-10,Undefined,17641,0.000,0.001,-0.001,,,,,
2021-10,Undefined,1736280,0.000,0.001,-0.001,,,,,
2021-10,Undefined,577970,0.000,0.001,-0.001,,,,,
2021-10,Undefined,345549,0.000,0.001,-0.001,,,,,
2021-10,Undefined,591251,0.000,0.001,-0.001,,,,,
2021-10,Undefined,536202,0.000,0.001,-0.001,,,,,
2021-10,Undefined,830,0.000,0.001,-0.001,,,,,
2021-10,Undefined,580117,0.000,0.001,-0.001,,,,,
2021-10,Undefined,148950,0.000,0.001,-0.001,,,,,
2021-10,Undefined,390088,0.000,0.001,-0.001,,,,,
2021-10,Undefined,573984,0.000,0.001,-0.001,,,,,
2021-10,Undefined,582176,0.000,0.001,-0.001,,,,,
2021-10,Undefined,369189,0.000,0.001,-0.001,,,,,
2021-10,Undefined,1656682,0.000,0.001,-0.001,,,,,
2021-10,Undefined,558,0.000,0.001,-0.001,,,,,
2021-10,Undefined,149064,0.000,0.001,-0.001,,,,,
2021-10,Undefined,162991,0.000,0.001,-0.001,,,,,
2021-10,Undefined,1361174,0.000,0.001,-0.001,,,,,
2021-10,Undefined,582219,0.000,0.001,-0.001,,,,,
2021-10,Undefined,17662,0.000,0.001,-0.001,,,,,
2021-10,Undefined,836372,0.000,0.001,-0.001,,,,,
2021-10,Undefined,104079,0.000,0.001,-0.001,,,,,
2021-10,Undefined,196347,0.000,0.001,-0.001,,,,,
2021-10,Undefined,20997,0.000,0.001,-0.001,,,,,
2021-10,Undefined,175581,0.000,0.001,-0.001,,,,,
2021-10,Undefined,117092,0.000,0.001,-0.001,,,,,
2021-10,Undefined,742628,0.000,0.001,-0.001,,,,,
2021-10,Undefined,118022,0.000,0.001,-0.001,,,,,
2021-10,Undefined,330923,0.000,0.001,-0.001,,,,,
2021-10,Undefined,591246,0.000,0.001,-0.001,,,,,
2021-10,Undefined,730533,0.000,0.001,-0.001,,,,,
2021-10,Undefined,146584,0.000,0.001,-0.001,,,,,
2021-10,Undefined,1803,0.000,0.001,-0.001,,,,,
2021-10,Undefined,23157,0.000,0.001,-0.001,,,,,
2021-10,Undefined,1719780,0.000,0.001,-0.001,,,,,
2021-10,Undefined,1307,0.000,0.001,-0.001,,,,,
2021-10,Undefined,345523,0.000,0.001,-0.001,,,,,
2021-10,Undefined,148983,0.000,0.001,-0.001,,,,,
2021-10,Undefined,146712,0.000,0.001,-0.001,,,,,
2021-10,Undefined,334421,0.000,0.001,-0.001,,,,,
2021-10,Undefined,493835,0.000,0.001,-0.001,,,,,
2021-10,Undefined,109448,0.000,0.001,-0.001,,,,,
2021-10,Undefined,573250,0.000,0.001,-0.001,,,,,
2021-10,Undefined,182757,0.000,0.001,-0.001,,,,,
2021-10,Undefined,237586,0.000,0.001,-0.001,,,,,
2021-10,Undefined,17663,0.000,0.001,-0.001,,,,,
2021-10,Undefined,345483,0.000,0.002,-0.002,,,,,
2021-10,Undefined,415251,0.000,0.002,-0.002,,,,,
2021-10,Undefined,149235,0.000,0.002,-0.002,,,,,
2021-10,Undefined,582427,0.000,0.002,-0.002,,,,,
2021-10,Undefined,265191,0.000,0.002,-0.002,,,,,
2021-10,Undefined,235816,0.000,0.002,-0.002,,,,,
2021-10,Undefined,160570,0.000,0.002,-0.002,,,,,
2021-10,Undefined,149067,0.000,0.002,-0.002,,,,,
2021-10,Undefined,562852,0.000,0.002,-0.002,,,,,
2021-10,Undefined,730531,0.000,0.002,-0.002,,,,,
2021-10,Undefined,599623,0.000,0.002,-0.002,,,,,
2021-10,Undefined,591250,0.000,0.002,-0.002,,,,,
2021-10,Undefined,730536,0.000,0.003,-0.003,,,,,
2021-10,Undefined,562650,0.000,0.003,-0.003,,,,,
2021-10,Undefined,449151,0.000,0.003,-0.003,,,,,
2021-10,Undefined,292894,0.000,0.003,-0.003,,,,,
2021-10,Undefined,730535,0.000,0.004,-0.004,,,,,
2021-10,Undefined,591238,0.000,0.005,-0.005,,,,,
2021-10,Undefined,368663,0.000,0.007,-0.007,,,,,
2021-10,Undefined,1360,0.000,0.008,-0.008,,,,,
2021-10,Undefined,590699,0.000,0.008,-0.008,,,,,
2021-10,Undefined,341585,0.000,0.010,-0.010,,,,,
2021-10,Undefined,889925,0.000,0.014,-0.014,,,,,
2021-10,Undefined,1348,0.000,0.014,-0.014,,,,,
2021-10,Undefined,146547,0.000,0.039,-0.039,,,,,
2021-10,Undefined,146213,0.000,0.049,-0.049,,,,,
2021-10,Undefined,345514,0.000,0.052,-0.052,,,,,
2021-12,Diatom,148899,0.317,0.004,0.313,,,,,
2021-12,Diatom,149023,0.145,0.000,0.145,,,,,
2021-12,Diatom,591192,0.085,0.000,0.085,,,,,
2021-12,Diatom,149054,0.067,0.000,0.067,,,,,
2021-12,Diatom,447730,0.056,0.000,0.056,,,,,
2021-12,Diatom,148969,0.050,0.000,0.050,,,,,
2021-12,Diatom,149069,0.046,0.000,0.045,,,,,
2021-12,Diatom,162969,0.044,0.000,0.044,,,,,
2021-12,Diatom,148985,0.029,0.001,0.028,,,,,
2021-12,Diatom,148947,0.021,0.000,0.021,,,,,
2021-12,Diatom,148953,0.017,0.000,0.017,,,,,
2021-12,Diatom,149120,0.017,0.000,0.017,,,,,
2021-12,Diatom,157440,0.017,0.000,0.017,,,,,
2021-12,Diatom,149151,0.011,0.000,0.011,,,,,
2021-12,Diatom,149132,0.009,0.000,0.009,,,,,
2021-12,Diatom,345491,0.009,0.000,0.009,,,,,
2021-12,Diatom,148971,0.008,0.000,0.008,,,,,
2021-12,Diatom,149170,0.008,0.000,0.008,,,,,
2021-12,Diatom,149280,0.006,0.000,0.006,,,,,
2021-12,Diatom,836581,0.006,0.000,0.006,,,,,
2021-12,Diatom,149130,0.006,0.000,0.006,,,,,
2021-12,Diatom,148949,0.005,0.000,0.005,,,,,
2021-12,Diatom,149018,0.003,0.000,0.003,,,,,
2021-12,Diatom,149328,0.002,0.000,0.002,,,,,
2021-12,Diatom,149655,0.002,0.000,0.002,,,,,
2021-12,Diatom,345513,0.002,0.000,0.002,,,,,
2021-12,Diatom,149145,0.002,0.000,0.001,,,,,
2021-12,Diatom,148904,0.002,0.001,0.000,,,,,
2021-12,Diatom,148917,0.000,0.000,0.000,,,,,
2021-12,Diatom,148946,0.000,0.000,0.000,,,,,
2021-12,Diatom,148966,0.000,0.000,0.000,,,,,
2021-12,Diatom,149003,0.000,0.000,0.000,,,,,
2021-12,Diatom,149106,0.000,0.000,0.000,,,,,
2021-12,Diatom,149111,0.000,0.000,0.000,,,,,
2021-12,Diatom,149135,0.000,0.000,0.000,,,,,
2021-12,Diatom,149139,0.000,0.000,0.000,,,,,
2021-12,Diatom,149190,0.000,0.000,0.000,,,,,
2021-12,Diatom,149191,0.000,0.000,0.000,,,,,
2021-12,Diatom,149311,0.000,0.000,0.000,,,,,
2021-12,Diatom,149313,0.000,0.000,0.000,,,,,
2021-12,Diatom,160527,0.000,0.000,0.000,,,,,
2021-12,Diatom,149009,0.000,0.000,0.000,,,,,
2021-12,Diatom,149021,0.000,0.000,0.000,,,,,
2021-12,Diatom,149031,0.000,0.000,0.000,,,,,
2021-12,Diatom,149241,0.000,0.000,0.000,,,,,
2021-12,Diatom,148994,0.000,0.000,0.000,,,,,
2021-12,Diatom,149010,0.000,0.000,0.000,,,,,
2021-12,Diatom,149038,0.000,0.000,0.000,,,,,
2021-12,Diatom,149055,0.000,0.000,0.000,,,,,
2021-12,Diatom,149065,0.000,0.000,0.000,,,,,
2021-12,Diatom,149116,0.000,0.000,0.000,,,,,
2021-12,Diatom,149045,0.000,0.000,0.000,,,,,
2021-12,Diatom,149004,0.000,0.000,0.000,,,,,
2021-12,Diatom,149015,0.000,0.000,0.000,,,,,
2021-12,Diatom,149219,0.000,0.000,0.000,,,,,
2021-12,Diatom,148934,0.000,0.000,0.000,,,,,
2021-12,Diatom,149236,0.000,0.000,0.000,,,,,
2021-12,Diatom,149115,0.000,0.000,0.000,,,,,
2021-12,Diatom,149134,0.000,0.000,0.000,,,,,
2021-12,Diatom,148905,0.000,0.000,0.000,,,,,
2021-12,Diatom,148984,0.000,0.000,0.000,,,,,
2021-12,Diatom,172418,0.000,0.000,0.000,,,,,
2021-12,Diatom,175584,0.000,0.000,0.000,,,,,
2021-12,Diatom,149001,0.000,0.001,-0.001,,,,,
2021-12,Diatom,149068,0.000,0.001,-0.001,,,,,
2021-12,Diatom,149002,0.000,0.001,-0.001,,,,,
2021-12,Diatom,148900,0.000,0.003,-0.003,,,,,
2021-12,Diatom,149073,0.000,0.003,-0.003,,,,,
2021-12,Diatom,148912,0.000,0.010,-0.010,,,,,
2021-12,Diatom,148903,0.000,0.011,-0.011,,,,,
2021-12,Diatom,148898,0.000,0.018,-0.018,,,,,
2021-12,Dinoflagellate,146203,0.005,0.000,0.005,,,,,
2021-12,Dinoflagellate,840626,0.005,0.000,0.005,,,,,
2021-12,Dinoflagellate,109553,0.003,0.000,0.003,,,,,
2021-12,Dinoflagellate,109433,0.000,0.000,0.000,,,,,
2021-12,Dinoflagellate,109470,0.000,0.000,0.000,,,,,
2021-12,Dinoflagellate,109504,0.000,0.000,0.000,,,,,
2021-12,Dinoflagellate,109784,0.000,0.000,0.000,,,,,
2021-12,Dinoflagellate,110213,0.000,0.000,0.000,,,,,
2021-12,Dinoflagellate,110248,0.000,0.000,0.000,,,,,
2021-12,Dinoflagellate,110304,0.000,0.000,0.000,,,,,
2021-12,Dinoflagellate,148915,0.000,0.000,0.000,,,,,
2021-12,Dinoflagellate,149049,0.000,0.000,0.000,,,,,
2021-12,Dinoflagellate,231799,0.000,0.000,0.000,,,,,
2021-12,Dinoflagellate,232546,0.000,0.000,0.000,,,,,
2021-12,Dinoflagellate,233037,0.000,0.000,0.000,,,,,
2021-12,Dinoflagellate,248118,0.000,0.000,0.000,,,,,
2021-12,Dinoflagellate,109435,0.000,0.000,0.000,,,,,
2021-12,Dinoflagellate,109462,0.000,0.000,0.000,,,,,
2021-12,Dinoflagellate,109549,0.000,0.000,0.000,,,,,
2021-12,Dinoflagellate,110152,0.000,0.000,0.000,,,,,
2021-12,Dinoflagellate,231787,0.000,0.000,0.000,,,,,
2021-12,Dinoflagellate,109428,0.000,0.000,0.000,,,,,
2021-12,Dinoflagellate,109467,0.000,0.000,0.000,,,,,
2021-12,Dinoflagellate,109474,0.000,0.000,0.000,,,,,
2021-12,Dinoflagellate,109390,0.000,0.000,0.000,,,,,
2021-12,Dinoflagellate,231793,0.000,0.000,0.000,,,,,
2021-12,Dinoflagellate,109394,0.000,0.000,0.000,,,,,
2021-12,Dinoflagellate,109418,0.000,0.000,0.000,,,,,
2021-12,Dinoflagellate,109478,0.000,0.001,-0.001,,,,,
2021-12,Dinoflagellate,109393,0.000,0.001,-0.001,,,,,
2021-12,Dinoflagellate,109476,0.000,0.001,-0.001,,,,,
2021-12,Dinoflagellate,109500,0.000,0.001,-0.001,,,,,
2021-12,Dinoflagellate,109391,0.000,0.001,-0.001,,,,,
2021-12,Dinoflagellate,109396,0.000,0.001,-0.001,,,,,
2021-12,Dinoflagellate,109442,0.000,0.002,-0.002,,,,,
2021-12,Dinoflagellate,109475,0.000,0.003,-0.003,,,,,
2021-12,Dinoflagellate,109392,0.000,0.003,-0.003,,,,,
2021-12,Dinoflagellate,232716,0.000,0.003,-0.003,,,,,
2021-12,Dinoflagellate,109566,0.000,0.003,-0.003,,,,,
2021-12,Dinoflagellate,231789,0.000,0.005,-0.005,,,,,
2021-12,Dinoflagellate,109410,0.000,0.006,-0.006,,,,,
2021-12,Dinoflagellate,109921,0.000,0.010,-0.010,,,,,
2021-12,Dinoflagellate,19542,0.000,0.128,-0.128,,,,,
2021-12,Other,152391,0.000,0.000,0.000,,,,,
2021-12,Other,922,0.000,0.000,0.000,,,,,
2021-12,Other,1104,0.000,0.000,0.000,,,,,
2021-12,Other,2081,0.000,0.000,0.000,,,,,
2021-12,Other,14355,0.000,0.000,0.000,,,,,
2021-12,Other,17644,0.000,0.000,0.000,,,,,
2021-12,Other,106485,0.000,0.000,0.000,,,,,
2021-12,Other,115153,0.000,0.000,0.000,,,,,
2021-12,Other,123082,0.000,0.000,0.000,,,,,
2021-12,Other,130544,0.000,0.000,0.000,,,,,
2021-12,Other,134541,0.000,0.000,0.000,,,,,
2021-12,Other,134542,0.000,0.000,0.000,,,,,
2021-12,Other,146551,0.000,0.000,0.000,,,,,
2021-12,Other,183533,0.000,0.000,0.000,,,,,
2021-12,Other,233776,0.000,0.000,0.000,,,,,
2021-12,Other,249725,0.000,0.000,0.000,,,,,
2021-12,Other,416523,0.000,0.000,0.000,,,,,
2021-12,Other,599705,0.000,0.000,0.000,,,,,
2021-12,Other,134529,0.000,0.000,0.000,,,,,
2021-12,Other,1071,0.000,0.000,0.000,,,,,
2021-12,Other,1135,0.000,0.000,0.000,,,,,
2021-12,Other,21001,0.000,0.000,0.000,,,,,
2021-12,Other,105561,0.000,0.000,0.000,,,,,
2021-12,Other,115058,0.000,0.000,0.000,,,,,
2021-12,Other,115086,0.000,0.000,0.000,,,,,
2021-12,Other,129437,0.000,0.000,0.000,,,,,
2021-12,Other,135220,0.000,0.000,0.000,,,,,
2021-12,Other,157258,0.000,0.000,0.000,,,,,
2021-12,Other,160583,0.000,0.000,0.000,,,,,
2021-12,Other,235747,0.000,0.000,0.000,,,,,
2021-12,Other,248096,0.000,0.000,0.000,,,,,
2021-12,Other,425488,0.000,0.000,0.000,,,,,
2021-12,Other,146557,0.000,0.000,0.000,,,,,
2021-12,Other,793,0.000,0.000,0.000,,,,,
2021-12,Other,1606,0.000,0.000,0.000,,,,,
2021-12,Other,5953,0.000,0.000,0.000,,,,,
2021-12,Other,17793,0.000,0.000,0.000,,,,,
2021-12,Other,106289,0.000,0.000,0.000,,,,,
2021-12,Other,160563,0.000,0.000,0.000,,,,,
2021-12,Other,163780,0.000,0.000,0.000,,,,,
2021-12,Other,249721,0.000,0.000,0.000,,,,,
2021-12,Other,292896,0.000,0.000,0.000,,,,,
2021-12,Other,104685,0.000,0.000,0.000,,,,,
2021-12,Other,115073,0.000,0.000,0.000,,,,,
2021-12,Other,118073,0.000,0.000,0.000,,,,,
2021-12,Other,160575,0.000,0.000,0.000,,,,,
2021-12,Other,178594,0.000,0.000,0.000,,,,,
2021-12,Other,531467,0.000,0.000,0.000,,,,,
2021-12,Other,573884,0.000,0.000,0.000,,,,,
2021-12,Other,101,0.000,0.000,0.000,,,,,
2021-12,Other,341353,0.000,0.000,0.000,,,,,
2021-12,Other,1371,0.000,0.000,0.000,,,,,
2021-12,Other,13552,0.000,0.000,0.000,,,,,
2021-12,Other,105513,0.000,0.000,0.000,,,,,
2021-12,Other,105571,0.000,0.000,0.000,,,,,
2021-12,Other,106287,0.000,0.000,0.000,,,,,
2021-12,Other,106422,0.000,0.000,0.000,,,,,
2021-12,Other,157256,0.000,0.000,0.000,,,,,
2021-12,Other,577493,0.000,0.000,0.000,,,,,
2021-12,Other,979,0.000,0.000,0.000,,,,,
2021-12,Other,105410,0.000,0.000,0.000,,,,,
2021-12,Other,105541,0.000,0.000,0.000,,,,,
2021-12,Other,115351,0.000,0.000,0.000,,,,,
2021-12,Other,1795,0.000,0.000,0.000,,,,,
2021-12,Other,104240,0.000,0.000,0.000,,,,,
2021-12,Other,1102,0.000,0.000,0.000,,,,,
2021-12,Other,146606,0.000,0.000,0.000,,,,,
2021-12,Other,13551,0.000,0.000,0.000,,,,,
2021-12,Other,1103,0.000,0.000,0.000,,,,,
2021-12,Other,732333,0.000,0.000,0.000,,,,,
2021-12,Other,104241,0.000,0.000,0.000,,,,,
2021-12,Other,160581,0.000,0.000,0.000,,,,,
2021-12,Other,101198,0.000,0.000,0.000,,,,,
2021-12,Other,115060,0.000,0.000,0.000,,,,,
2021-12,Other,104196,0.000,0.001,-0.001,,,,,
2021-12,Other,106285,0.000,0.001,-0.001,,,,,
2021-12,Other,160564,0.000,0.001,-0.001,,,,,
2021-12,Other,146624,0.000,0.001,-0.001,,,,,
2021-12,Other,105450,0.000,0.001,-0.001,,,,,
2021-12,Other,160582,0.000,0.001,-0.001,,,,,
2021-12,Other,247915,0.000,0.001,-0.001,,,,,
2021-12,Other,248097,0.000,0.001,-0.001,,,,,
2021-12,Other,51,0.000,0.001,-0.001,,,,,
2021-12,Other,425497,0.000,0.001,-0.001,,,,,
2021-12,Other,601293,0.000,0.001,-0.001,,,,,
2021-12,Other,134564,0.000,0.001,-0.001,,,,,
2021-12,Other,146232,0.000,0.001,-0.001,,,,,
2021-12,Other,802,0.000,0.001,-0.001,,,,,
2021-12,Other,134533,0.000,0.001,-0.001,,,,,
2021-12,Other,1292,0.000,0.001,-0.001,,,,,
2021-12,Other,1101,0.000,0.001,-0.001,,,,,
2021-12,Other,1337,0.000,0.001,-0.001,,,,,
2021-12,Other,1267,0.000,0.001,-0.001,,,,,
2021-12,Other,110722,0.000,0.001,-0.001,,,,,
2021-12,Other,118051,0.000,0.001,-0.001,,,,,
2021-12,Other,105,0.000,0.002,-0.002,,,,,
2021-12,Other,115104,0.000,0.002,-0.002,,,,,
2021-12,Other,104152,0.000,0.002,-0.002,,,,,
2021-12,Other,104872,0.000,0.002,-0.002,,,,,
2021-12,Other,115090,0.000,0.002,-0.002,,,,,
2021-12,Other,882,0.000,0.002,-0.002,,,,,
2021-12,Other,17651,0.000,0.002,-0.002,,,,,
2021-12,Other,1065,0.000,0.002,-0.002,,,,,
2021-12,Other,160572,0.000,0.002,-0.002,,,,,
2021-12,Other,160597,0.000,0.002,-0.002,,,,,
2021-12,Other,118011,0.000,0.002,-0.002,,,,,
2021-12,Other,146230,0.000,0.002,-0.002,,,,,
2021-12,Other,119077,0.000,0.003,-0.003,,,,,
2021-12,Other,118075,0.000,0.003,-0.003,,,,,
2021-12,Other,101195,0.000,0.003,-0.003,,,,,
2021-12,Other,115061,0.000,0.003,-0.003,,,,,
2021-12,Other,146543,0.000,0.003,-0.003,,,,,
2021-12,Other,1444150,0.000,0.003,-0.003,,,,,
2021-12,Other,17639,0.000,0.003,-0.003,,,,,
2021-12,Other,11,0.000,0.003,-0.003,,,,,
2021-12,Other,118014,0.000,0.004,-0.004,,,,,
2021-12,Other,128545,0.000,0.004,-0.004,,,,,
2021-12,Other,115088,0.000,0.004,-0.004,,,,,
2021-12,Other,883,0.000,0.004,-0.004,,,,,
2021-12,Other,118028,0.000,0.006,-0.006,,,,,
2021-12,Other,801,0.000,0.007,-0.007,,,,,
2021-12,Other,146603,0.000,0.009,-0.009,,,,,
2021-12,Other,1789,0.000,0.010,-0.010,,,,,
2021-12,Other,1100,0.000,0.011,-0.011,,,,,
2021-12,Other,369190,0.000,0.012,-0.012,,,,,
2021-12,Other,17640,0.000,0.012,-0.012,,,,,
2021-12,Other,1486573,0.000,0.032,-0.032,,,,,
2021-12,Other,146537,0.000,0.121,-0.121,,,,,
2021-12,Undefined,146178,0.000,0.000,0.000,,,,,
2021-12,Undefined,146582,0.000,0.000,0.000,,,,,
2021-12,Undefined,148951,0.000,0.000,0.000,,,,,
2021-12,Undefined,895,0.000,0.000,0.000,,,,,
2021-12,Undefined,980,0.000,0.000,0.000,,,,,
2021-12,Undefined,1261,0.000,0.000,0.000,,,,,
2021-12,Undefined,1300,0.000,0.000,0.000,,,,,
2021-12,Undefined,1317,0.000,0.000,0.000,,,,,
2021-12,Undefined,1407,0.000,0.000,0.000,,,,,
2021-12,Undefined,1603,0.000,0.000,0.000,,,,,
2021-12,Undefined,2847,0.000,0.000,0.000,,,,,
2021-12,Undefined,15241,0.000,0.000,0.000,,,,,
2021-12,Undefined,22564,0.000,0.000,0.000,,,,,
2021-12,Undefined,22613,0.000,0.000,0.000,,,,,
2021-12,Undefined,22620,0.000,0.000,0.000,,,,,
2021-12,Undefined,22724,0.000,0.000,0.000,,,,,
2021-12,Undefined,23091,0.000,0.000,0.000,,,,,
2021-12,Undefined,100685,0.000,0.000,0.000,,,,,
2021-12,Undefined,101182,0.000,0.000,0.000,,,,,
2021-12,Undefined,101571,0.000,0.000,0.000,,,,,
2021-12,Undefined,104012,0.000,0.000,0.000,,,,,
2021-12,Undefined,104023,0.000,0.000,0.000,,,,,
2021-12,Undefined,104081,0.000,0.000,0.000,,,,,
2021-12,Undefined,105399,0.000,0.000,0.000,,,,,
2021-12,Undefined,105623,0.000,0.000,0.000,,,,,
2021-12,Undefined,109395,0.000,0.000,0.000,,,,,
2021-12,Undefined,110938,0.000,0.000,0.000,,,,,
2021-12,Undefined,115141,0.000,0.000,0.000,,,,,
2021-12,Undefined,115444,0.000,0.000,0.000,,,,,
2021-12,Undefined,120662,0.000,0.000,0.000,,,,,
2021-12,Undefined,122303,0.000,0.000,0.000,,,,,
2021-12,Undefined,122423,0.000,0.000,0.000,,,,,
2021-12,Undefined,123117,0.000,0.000,0.000,,,,,
2021-12,Undefined,129713,0.000,0.000,0.000,,,,,
2021-12,Undefined,130843,0.000,0.000,0.000,,,,,
2021-12,Undefined,130852,0.000,0.000,0.000,,,,,
2021-12,Undefined,131595,0.000,0.000,0.000,,,,,
2021-12,Undefined,135226,0.000,0.000,0.000,,,,,
2021-12,Undefined,136901,0.000,0.000,0.000,,,,,
2021-12,Undefined,140480,0.000,0.000,0.000,,,,,
2021-12,Undefined,143678,0.000,0.000,0.000,,,,,
2021-12,Undefined,143723,0.000,0.000,0.000,,,,,
2021-12,Undefined,144237,0.000,0.000,0.000,,,,,
2021-12,Undefined,146608,0.000,0.000,0.000,,,,,
2021-12,Undefined,146664,0.000,0.000,0.000,,,,,
2021-12,Undefined,149063,0.000,0.000,0.000,,,,,
2021-12,Undefined,149107,0.000,0.000,0.000,,,,,
2021-12,Undefined,149235,0.000,0.000,0.000,,,,,
2021-12,Undefined,149389,0.000,0.000,0.000,,,,,
2021-12,Undefined,151718,0.000,0.000,0.000,,,,,
2021-12,Undefined,157215,0.000,0.000,0.000,,,,,
2021-12,Undefined,157466,0.000,0.000,0.000,,,,,
2021-12,Undefined,162923,0.000,0.000,0.000,,,,,
2021-12,Undefined,162949,0.000,0.000,0.000,,,,,
2021-12,Undefined,177735,0.000,0.000,0.000,,,,,
2021-12,Undefined,178544,0.000,0.000,0.000,,,,,
2021-12,Undefined,179048,0.000,0.000,0.000,,,,,
2021-12,Undefined,196245,0.000,0.000,0.000,,,,,
2021-12,Undefined,231814,0.000,0.000,0.000,,,,,
2021-12,Undefined,246596,0.000,0.000,0.000,,,,,
2021-12,Undefined,255181,0.000,0.000,0.000,,,,,
2021-12,Undefined,293140,0.000,0.000,0.000,,,,,
2021-12,Undefined,334421,0.000,0.000,0.000,,,,,
2021-12,Undefined,341306,0.000,0.000,0.000,,,,,
2021-12,Undefined,341339,0.000,0.000,0.000,,,,,
2021-12,Undefined,341352,0.000,0.000,0.000,,,,,
2021-12,Undefined,341355,0.000,0.000,0.000,,,,,
2021-12,Undefined,345466,0.000,0.000,0.000,,,,,
2021-12,Undefined,345487,0.000,0.000,0.000,,,,,
2021-12,Undefined,345494,0.000,0.000,0.000,,,,,
2021-12,Undefined,345515,0.000,0.000,0.000,,,,,
2021-12,Undefined,368676,0.000,0.000,0.000,,,,,
2021-12,Undefined,368697,0.000,0.000,0.000,,,,,
2021-12,Undefined,369404,0.000,0.000,0.000,,,,,
2021-12,Undefined,370098,0.000,0.000,0.000,,,,,
2021-12,Undefined,376073,0.000,0.000,0.000,,,,,
2021-12,Undefined,376357,0.000,0.000,0.000,,,,,
2021-12,Undefined,377084,0.000,0.000,0.000,,,,,
2021-12,Undefined,382434,0.000,0.000,0.000,,,,,
2021-12,Undefined,385618,0.000,0.000,0.000,,,,,
2021-12,Undefined,387397,0.000,0.000,0.000,,,,,
2021-12,Undefined,414688,0.000,0.000,0.000,,,,,
2021-12,Undefined,414720,0.000,0.000,0.000,,,,,
2021-12,Undefined,414856,0.000,0.000,0.000,,,,,
2021-12,Undefined,422894,0.000,0.000,0.000,,,,,
2021-12,Undefined,425737,0.000,0.000,0.000,,,,,
2021-12,Undefined,474842,0.000,0.000,0.000,,,,,
2021-12,Undefined,493882,0.000,0.000,0.000,,,,,
2021-12,Undefined,493890,0.000,0.000,0.000,,,,,
2021-12,Undefined,493902,0.000,0.000,0.000,,,,,
2021-12,Undefined,495287,0.000,0.000,0.000,,,,,
2021-12,Undefined,527963,0.000,0.000,0.000,,,,,
2021-12,Undefined,558773,0.000,0.000,0.000,,,,,
2021-12,Undefined,562667,0.000,0.000,0.000,,,,,
2021-12,Undefined,562693,0.000,0.000,0.000,,,,,
2021-12,Undefined,573882,0.000,0.000,0.000,,,,,
2021-12,Undefined,577669,0.000,0.000,0.000,,,,,
2021-12,Undefined,582464,0.000,0.000,0.000,,,,,
2021-12,Undefined,590939,0.000,0.000,0.000,,,,,
2021-12,Undefined,591177,0.000,0.000,0.000,,,,,
2021-12,Undefined,592916,0.000,0.000,0.000,,,,,
2021-12,Undefined,593691,0.000,0.000,0.000,,,,,
2021-12,Undefined,595084,0.000,0.000,0.000,,,,,
2021-12,Undefined,599682,0.000,0.000,0.000,,,,,
2021-12,Undefined,602841,0.000,0.000,0.000,,,,,
2021-12,Undefined,603911,0.000,0.000,0.000,,,,,
2021-12,Undefined,607338,0.000,0.000,0.000,,,,,
2021-12,Undefined,608215,0.000,0.000,0.000,,,,,
2021-12,Undefined,612111,0.000,0.000,0.000,,,,,
2021-12,Undefined,613441,0.000,0.000,0.000,,,,,
2021-12,Undefined,619264,0.000,0.000,0.000,,,,,
2021-12,Undefined,638294,0.000,0.000,0.000,,,,,
2021-12,Undefined,707589,0.000,0.000,0.000,,,,,
2021-12,Undefined,736910,0.000,0.000,0.000,,,,,
2021-12,Undefined,744872,0.000,0.000,0.000,,,,,
2021-12,Undefined,836364,0.000,0.000,0.000,,,,,
2021-12,Undefined,872068,0.000,0.000,0.000,,,,,
2021-12,Undefined,886279,0.000,0.000,0.000,,,,,
2021-12,Undefined,886280,0.000,0.000,0.000,,,,,
2021-12,Undefined,888636,0.000,0.000,0.000,,,,,
2021-12,Undefined,1308659,0.000,0.000,0.000,,,,,
2021-12,Undefined,1486563,0.000,0.000,0.000,,,,,
2021-12,Undefined,1635533,0.000,0.000,0.000,,,,,
2021-12,Undefined,1648086,0.000,0.000,0.000,,,,,
2021-12,Undefined,1653511,0.000,0.000,0.000,,,,,
2021-12,Undefined,1653535,0.000,0.000,0.000,,,,,
2021-12,Undefined,1656580,0.000,0.000,0.000,,,,,
2021-12,Undefined,1661048,0.000,0.000,0.000,,,,,
2021-12,Undefined,1737038,0.000,0.000,0.000,,,,,
2021-12,Undefined,1748110,0.000,0.000,0.000,,,,,
2021-12,Undefined,1845324,0.000,0.000,0.000,,,,,
2021-12,Undefined,839,0.000,0.000,0.000,,,,,
2021-12,Undefined,852,0.000,0.000,0.000,,,,,
2021-12,Undefined,871,0.000,0.000,0.000,,,,,
2021-12,Undefined,1363,0.000,0.000,0.000,,,,,
2021-12,Undefined,1403,0.000,0.000,0.000,,,,,
2021-12,Undefined,5950,0.000,0.000,0.000,,,,,
2021-12,Undefined,22563,0.000,0.000,0.000,,,,,
2021-12,Undefined,22579,0.000,0.000,0.000,,,,,
2021-12,Undefined,22737,0.000,0.000,0.000,,,,,
2021-12,Undefined,103344,0.000,0.000,0.000,,,,,
2021-12,Undefined,105569,0.000,0.000,0.000,,,,,
2021-12,Undefined,108402,0.000,0.000,0.000,,,,,
2021-12,Undefined,109401,0.000,0.000,0.000,,,,,
2021-12,Undefined,120567,0.000,0.000,0.000,,,,,
2021-12,Undefined,131495,0.000,0.000,0.000,,,,,
2021-12,Undefined,144293,0.000,0.000,0.000,,,,,
2021-12,Undefined,146219,0.000,0.000,0.000,,,,,
2021-12,Undefined,157050,0.000,0.000,0.000,,,,,
2021-12,Undefined,196347,0.000,0.000,0.000,,,,,
2021-12,Undefined,234035,0.000,0.000,0.000,,,,,
2021-12,Undefined,235815,0.000,0.000,0.000,,,,,
2021-12,Undefined,334129,0.000,0.000,0.000,,,,,
2021-12,Undefined,341305,0.000,0.000,0.000,,,,,
2021-12,Undefined,341320,0.000,0.000,0.000,,,,,
2021-12,Undefined,341321,0.000,0.000,0.000,,,,,
2021-12,Undefined,368883,0.000,0.000,0.000,,,,,
2021-12,Undefined,414715,0.000,0.000,0.000,,,,,
2021-12,Undefined,415158,0.000,0.000,0.000,,,,,
2021-12,Undefined,415489,0.000,0.000,0.000,,,,,
2021-12,Undefined,415511,0.000,0.000,0.000,,,,,
2021-12,Undefined,417153,0.000,0.000,0.000,,,,,
2021-12,Undefined,425464,0.000,0.000,0.000,,,,,
2021-12,Undefined,428735,0.000,0.000,0.000,,,,,
2021-12,Undefined,451644,0.000,0.000,0.000,,,,,
2021-12,Undefined,493836,0.000,0.000,0.000,,,,,
2021-12,Undefined,537231,0.000,0.000,0.000,,,,,
2021-12,Undefined,562853,0.000,0.000,0.000,,,,,
2021-12,Undefined,562854,0.000,0.000,0.000,,,,,
2021-12,Undefined,562869,0.000,0.000,0.000,,,,,
2021-12,Undefined,563357,0.000,0.000,0.000,,,,,
2021-12,Undefined,580085,0.000,0.000,0.000,,,,,
2021-12,Undefined,582213,0.000,0.000,0.000,,,,,
2021-12,Undefined,591233,0.000,0.000,0.000,,,,,
2021-12,Undefined,600783,0.000,0.000,0.000,,,,,
2021-12,Undefined,601409,0.000,0.000,0.000,,,,,
2021-12,Undefined,603281,0.000,0.000,0.000,,,,,
2021-12,Undefined,761431,0.000,0.000,0.000,,,,,
2021-12,Undefined,1361129,0.000,0.000,0.000,,,,,
2021-12,Undefined,1476515,0.000,0.000,0.000,,,,,
2021-12,Undefined,1486549,0.000,0.000,0.000,,,,,
2021-12,Undefined,1487395,0.000,0.000,0.000,,,,,
2021-12,Undefined,1492701,0.000,0.000,0.000,,,,,
2021-12,Undefined,1535025,0.000,0.000,0.000,,,,,
2021-12,Undefined,1629234,0.000,0.000,0.000,,,,,
2021-12,Undefined,1736253,0.000,0.000,0.000,,,,,
2021-12,Undefined,1736974,0.000,0.000,0.000,,,,,
2021-12,Undefined,1738358,0.000,0.000,0.000,,,,,
2021-12,Undefined,1789435,0.000,0.000,0.000,,,,,
2021-12,Undefined,1845405,0.000,0.000,0.000,,,,,
2021-12,Undefined,146994,0.000,0.000,0.000,,,,,
2021-12,Undefined,64,0.000,0.000,0.000,,,,,
2021-12,Undefined,559,0.000,0.000,0.000,,,,,
2021-12,Undefined,820,0.000,0.000,0.000,,,,,
2021-12,Undefined,844,0.000,0.000,0.000,,,,,
2021-12,Undefined,845,0.000,0.000,0.000,,,,,
2021-12,Undefined,901,0.000,0.000,0.000,,,,,
2021-12,Undefined,1614,0.000,0.000,0.000,,,,,
2021-12,Undefined,16236,0.000,0.000,0.000,,,,,
2021-12,Undefined,22970,0.000,0.000,0.000,,,,,
2021-12,Undefined,101183,0.000,0.000,0.000,,,,,
2021-12,Undefined,104913,0.000,0.000,0.000,,,,,
2021-12,Undefined,105511,0.000,0.000,0.000,,,,,
2021-12,Undefined,110723,0.000,0.000,0.000,,,,,
2021-12,Undefined,118045,0.000,0.000,0.000,,,,,
2021-12,Undefined,120250,0.000,0.000,0.000,,,,,
2021-12,Undefined,125274,0.000,0.000,0.000,,,,,
2021-12,Undefined,129898,0.000,0.000,0.000,,,,,
2021-12,Undefined,146544,0.000,0.000,0.000,,,,,
2021-12,Undefined,148983,0.000,0.000,0.000,,,,,
2021-12,Undefined,149067,0.000,0.000,0.000,,,,,
2021-12,Undefined,196217,0.000,0.000,0.000,,,,,
2021-12,Undefined,231813,0.000,0.000,0.000,,,,,
2021-12,Undefined,234036,0.000,0.000,0.000,,,,,
2021-12,Undefined,345489,0.000,0.000,0.000,,,,,
2021-12,Undefined,355984,0.000,0.000,0.000,,,,,
2021-12,Undefined,370136,0.000,0.000,0.000,,,,,
2021-12,Undefined,375881,0.000,0.000,0.000,,,,,
2021-12,Undefined,414756,0.000,0.000,0.000,,,,,
2021-12,Undefined,417412,0.000,0.000,0.000,,,,,
2021-12,Undefined,562786,0.000,0.000,0.000,,,,,
2021-12,Undefined,562832,0.000,0.000,0.000,,,,,
2021-12,Undefined,582219,0.000,0.000,0.000,,,,,
2021-12,Undefined,591178,0.000,0.000,0.000,,,,,
2021-12,Undefined,599617,0.000,0.000,0.000,,,,,
2021-12,Undefined,599659,0.000,0.000,0.000,,,,,
2021-12,Undefined,601242,0.000,0.000,0.000,,,,,
2021-12,Undefined,724313,0.000,0.000,0.000,,,,,
2021-12,Undefined,761374,0.000,0.000,0.000,,,,,
2021-12,Undefined,872070,0.000,0.000,0.000,,,,,
2021-12,Undefined,889997,0.000,0.000,0.000,,,,,
2021-12,Undefined,1486571,0.000,0.000,0.000,,,,,
2021-12,Undefined,1731732,0.000,0.000,0.000,,,,,
2021-12,Undefined,1736973,0.000,0.000,0.000,,,,,
2021-12,Undefined,1748107,0.000,0.000,0.000,,,,,
2021-12,Undefined,211,0.000,0.000,0.000,,,,,
2021-12,Undefined,1362,0.000,0.000,0.000,,,,,
2021-12,Undefined,5949,0.000,0.000,0.000,,,,,
2021-12,Undefined,109399,0.000,0.000,0.000,,,,,
2021-12,Undefined,111411,0.000,0.000,0.000,,,,,
2021-12,Undefined,131593,0.000,0.000,0.000,,,,,
2021-12,Undefined,135225,0.000,0.000,0.000,,,,,
2021-12,Undefined,163556,0.000,0.000,0.000,,,,,
2021-12,Undefined,292892,0.000,0.000,0.000,,,,,
2021-12,Undefined,292895,0.000,0.000,0.000,,,,,
2021-12,Undefined,345508,0.000,0.000,0.000,,,,,
2021-12,Undefined,345835,0.000,0.000,0.000,,,,,
2021-12,Undefined,393226,0.000,0.000,0.000,,,,,
2021-12,Undefined,414714,0.000,0.000,0.000,,,,,
2021-12,Undefined,414839,0.000,0.000,0.000,,,,,
2021-12,Undefined,422893,0.000,0.000,0.000,,,,,
2021-12,Undefined,451642,0.000,0.000,0.000,,,,,
2021-12,Undefined,562861,0.000,0.000,0.000,,,,,
2021-12,Undefined,591134,0.000,0.000,0.000,,,,,
2021-12,Undefined,599689,0.000,0.000,0.000,,,,,
2021-12,Undefined,707626,0.000,0.000,0.000,,,,,
2021-12,Undefined,707629,0.000,0.000,0.000,,,,,
2021-12,Undefined,746931,0.000,0.000,0.000,,,,,
2021-12,Undefined,886282,0.000,0.000,0.000,,,,,
2021-12,Undefined,888637,0.000,0.000,0.000,,,,,
2021-12,Undefined,17330,0.000,0.000,0.000,,,,,
2021-12,Undefined,110762,0.000,0.000,0.000,,,,,
2021-12,Undefined,146166,0.000,0.000,0.000,,,,,
2021-12,Undefined,146665,0.000,0.000,0.000,,,,,
2021-12,Undefined,347678,0.000,0.000,0.000,,,,,
2021-12,Undefined,394012,0.000,0.000,0.000,,,,,
2021-12,Undefined,425652,0.000,0.000,0.000,,,,,
2021-12,Undefined,576879,0.000,0.000,0.000,,,,,
2021-12,Undefined,591142,0.000,0.000,0.000,,,,,
2021-12,Undefined,593690,0.000,0.000,0.000,,,,,
2021-12,Undefined,599619,0.000,0.000,0.000,,,,,
2021-12,Undefined,836357,0.000,0.000,0.000,,,,,
2021-12,Undefined,1736249,0.000,0.000,0.000,,,,,
2021-12,Undefined,1737154,0.000,0.000,0.000,,,,,
2021-12,Undefined,1703,0.000,0.000,0.000,,,,,
2021-12,Undefined,22582,0.000,0.000,0.000,,,,,
2021-12,Undefined,105505,0.000,0.000,0.000,,,,,
2021-12,Undefined,131619,0.000,0.000,0.000,,,,,
2021-12,Undefined,172999,0.000,0.000,0.000,,,,,
2021-12,Undefined,235814,0.000,0.000,0.000,,,,,
2021-12,Undefined,341292,0.000,0.000,0.000,,,,,
2021-12,Undefined,345522,0.000,0.000,0.000,,,,,
2021-12,Undefined,390772,0.000,0.000,0.000,,,,,
2021-12,Undefined,417239,0.000,0.000,0.000,,,,,
2021-12,Undefined,425425,0.000,0.000,0.000,,,,,
2021-12,Undefined,590565,0.000,0.000,0.000,,,,,
2021-12,Undefined,603184,0.000,0.000,0.000,,,,,
2021-12,Undefined,1635532,0.000,0.000,0.000,,,,,
2021-12,Undefined,103339,0.000,0.000,0.000,,,,,
2021-12,Undefined,104093,0.000,0.000,0.000,,,,,
2021-12,Undefined,136744,0.000,0.000,0.000,,,,,
2021-12,Undefined,206594,0.000,0.000,0.000,,,,,
2021-12,Undefined,235812,0.000,0.000,0.000,,,,,
2021-12,Undefined,345959,0.000,0.000,0.000,,,,,
2021-12,Undefined,354171,0.000,0.000,0.000,,,,,
2021-12,Undefined,577660,0.000,0.000,0.000,,,,,
2021-12,Undefined,591176,0.000,0.000,0.000,,,,,
2021-12,Undefined,595199,0.000,0.000,0.000,,,,,
2021-12,Undefined,603763,0.000,0.000,0.000,,,,,
2021-12,Undefined,1365,0.000,0.000,0.000,,,,,
2021-12,Undefined,136745,0.000,0.000,0.000,,,,,
2021-12,Undefined,146216,0.000,0.000,0.000,,,,,
2021-12,Undefined,164811,0.000,0.000,0.000,,,,,
2021-12,Undefined,175581,0.000,0.000,0.000,,,,,
2021-12,Undefined,345549,0.000,0.000,0.000,,,,,
2021-12,Undefined,368670,0.000,0.000,0.000,,,,,
2021-12,Undefined,368683,0.000,0.000,0.000,,,,,
2021-12,Undefined,577970,0.000,0.000,0.000,,,,,
2021-12,Undefined,599658,0.000,0.000,0.000,,,,,
2021-12,Undefined,22565,0.000,0.000,0.000,,,,,
2021-12,Undefined,109386,0.000,0.000,0.000,,,,,
2021-12,Undefined,146556,0.000,0.000,0.000,,,,,
2021-12,Undefined,345500,0.000,0.000,0.000,,,,,
2021-12,Undefined,345501,0.000,0.000,0.000,,,,,
2021-12,Undefined,393201,0.000,0.000,0.000,,,,,
2021-12,Undefined,394011,0.000,0.000,0.000,,,,,
2021-12,Undefined,577659,0.000,0.000,0.000,,,,,
2021-12,Undefined,591137,0.000,0.000,0.000,,,,,
2021-12,Undefined,591219,0.000,0.000,0.000,,,,,
2021-12,Undefined,724314,0.000,0.000,0.000,,,,,
2021-12,Undefined,836366,0.000,0.000,0.000,,,,,
2021-12,Undefined,106286,0.000,0.000,0.000,,,,,
2021-12,Undefined,106413,0.000,0.000,0.000,,,,,
2021-12,Undefined,129686,0.000,0.000,0.000,,,,,
2021-12,Undefined,146200,0.000,0.000,0.000,,,,,
2021-12,Undefined,246597,0.000,0.000,0.000,,,,,
2021-12,Undefined,369377,0.000,0.000,0.000,,,,,
2021-12,Undefined,582193,0.000,0.000,0.000,,,,,
2021-12,Undefined,872089,0.000,0.000,0.000,,,,,
2021-12,Undefined,1293730,0.000,0.000,0.000,,,,,
2021-12,Undefined,20999,0.000,0.000,0.000,,,,,
2021-12,Undefined,22156,0.000,0.000,0.000,,,,,
2021-12,Undefined,234499,0.000,0.000,0.000,,,,,
2021-12,Undefined,581514,0.000,0.000,0.000,,,,,
2021-12,Undefined,730532,0.000,0.000,0.000,,,,,
2021-12,Undefined,1656682,0.000,0.000,0.000,,,,,
2021-12,Undefined,146548,0.000,0.000,0.000,,,,,
2021-12,Undefined,172326,0.000,0.000,0.000,,,,,
2021-12,Undefined,345483,0.000,0.000,0.000,,,,,
2021-12,Undefined,368685,0.000,0.000,0.000,,,,,
2021-12,Undefined,623449,0.000,0.000,0.000,,,,,
2021-12,Undefined,666434,0.000,0.000,0.000,,,,,
2021-12,Undefined,730534,0.000,0.000,0.000,,,,,
2021-12,Undefined,137288,0.000,0.000,0.000,,,,,
2021-12,Undefined,104106,0.000,0.000,0.000,,,,,
2021-12,Undefined,115072,0.000,0.000,0.000,,,,,
2021-12,Undefined,603291,0.000,0.000,0.000,,,,,
2021-12,Undefined,17641,0.000,0.000,0.000,,,,,
2021-12,Undefined,136779,0.000,0.000,0.000,,,,,
2021-12,Undefined,590566,0.000,0.000,0.000,,,,,
2021-12,Undefined,1360,0.000,0.001,-0.001,,,,,
2021-12,Undefined,22624,0.000,0.001,-0.001,,,,,
2021-12,Undefined,128551,0.000,0.001,-0.001,,,,,
2021-12,Undefined,148950,0.000,0.001,-0.001,,,,,
2021-12,Undefined,582197,0.000,0.001,-0.001,,,,,
2021-12,Undefined,1736280,0.000,0.001,-0.001,,,,,
2021-12,Undefined,101194,0.000,0.001,-0.001,,,,,
2021-12,Undefined,391862,0.000,0.001,-0.001,,,,,
2021-12,Undefined,582176,0.000,0.001,-0.001,,,,,
2021-12,Undefined,591251,0.000,0.001,-0.001,,,,,
2021-12,Undefined,129710,0.000,0.001,-0.001,,,,,
2021-12,Undefined,146174,0.000,0.001,-0.001,,,,,
2021-12,Undefined,146584,0.000,0.001,-0.001,,,,,
2021-12,Undefined,345469,0.000,0.001,-0.001,,,,,
2021-12,Undefined,413963,0.000,0.001,-0.001,,,,,
2021-12,Undefined,573888,0.000,0.001,-0.001,,,,,
2021-12,Undefined,872090,0.000,0.001,-0.001,,,,,
2021-12,Undefined,593173,0.000,0.001,-0.001,,,,,
2021-12,Undefined,345496,0.000,0.001,-0.001,,,,,
2021-12,Undefined,149064,0.000,0.001,-0.001,,,,,
2021-12,Undefined,163265,0.000,0.001,-0.001,,,,,
2021-12,Undefined,536202,0.000,0.001,-0.001,,,,,
2021-12,Undefined,836372,0.000,0.001,-0.001,,,,,
2021-12,Undefined,105500,0.000,0.001,-0.001,,,,,
2021-12,Undefined,105520,0.000,0.001,-0.001,,,,,
2021-12,Undefined,248107,0.000,0.001,-0.001,,,,,
2021-12,Undefined,836365,0.000,0.001,-0.001,,,,,
2021-12,Undefined,830,0.000,0.001,-0.001,,,,,
2021-12,Undefined,368674,0.000,0.001,-0.001,,,,,
2021-12,Undefined,369189,0.000,0.001,-0.001,,,,,
2021-12,Undefined,573266,0.000,0.001,-0.001,,,,,
2021-12,Undefined,20997,0.000,0.001,-0.001,,,,,
2021-12,Undefined,415251,0.000,0.001,-0.001,,,,,
2021-12,Undefined,593689,0.000,0.001,-0.001,,,,,
2021-12,Undefined,573984,0.000,0.001,-0.001,,,,,
2021-12,Undefined,1731513,0.000,0.001,-0.001,,,,,
2021-12,Undefined,982,0.000,0.001,-0.001,,,,,
2021-12,Undefined,104079,0.000,0.001,-0.001,,,,,
2021-12,Undefined,105598,0.000,0.001,-0.001,,,,,
2021-12,Undefined,105498,0.000,0.001,-0.001,,,,,
2021-12,Undefined,345523,0.000,0.001,-0.001,,,,,
2021-12,Undefined,493889,0.000,0.001,-0.001,,,,,
2021-12,Undefined,109448,0.000,0.001,-0.001,,,,,
2021-12,Undefined,591248,0.000,0.001,-0.001,,,,,
2021-12,Undefined,162991,0.000,0.001,-0.001,,,,,
2021-12,Undefined,890,0.000,0.001,-0.001,,,,,
2021-12,Undefined,1307,0.000,0.001,-0.001,,,,,
2021-12,Undefined,292894,0.000,0.001,-0.001,,,,,
2021-12,Undefined,742628,0.000,0.001,-0.001,,,,,
2021-12,Undefined,1361174,0.000,0.001,-0.001,,,,,
2021-12,Undefined,536191,0.000,0.001,-0.001,,,,,
2021-12,Undefined,118022,0.000,0.001,-0.001,,,,,
2021-12,Undefined,573250,0.000,0.001,-0.001,,,,,
2021-12,Undefined,591246,0.000,0.001,-0.001,,,,,
2021-12,Undefined,345459,0.000,0.002,-0.002,,,,,
2021-12,Undefined,157166,0.000,0.002,-0.002,,,,,
2021-12,Undefined,160573,0.000,0.002,-0.002,,,,,
2021-12,Undefined,390088,0.000,0.002,-0.002,,,,,
2021-12,Undefined,160570,0.000,0.002,-0.002,,,,,
2021-12,Undefined,146712,0.000,0.002,-0.002,,,,,
2021-12,Undefined,1803,0.000,0.002,-0.002,,,,,
2021-12,Undefined,237586,0.000,0.002,-0.002,,,,,
2021-12,Undefined,235816,0.000,0.002,-0.002,,,,,
2021-12,Undefined,17662,0.000,0.002,-0.002,,,,,
2021-12,Undefined,730533,0.000,0.002,-0.002,,,,,
2021-12,Undefined,182757,0.000,0.002,-0.002,,,,,
2021-12,Undefined,367301,0.000,0.002,-0.002,,,,,
2021-12,Undefined,23157,0.000,0.002,-0.002,,,,,
2021-12,Undefined,17663,0.000,0.003,-0.003,,,,,
2021-12,Undefined,558,0.000,0.003,-0.003,,,,,
2021-12,Undefined,591250,0.000,0.003,-0.003,,,,,
2021-12,Undefined,582427,0.000,0.004,-0.004,,,,,
2021-12,Undefined,900,0.000,0.004,-0.004,,,,,
2021-12,Undefined,580117,0.000,0.004,-0.004,,,,,
2021-12,Undefined,493835,0.000,0.004,-0.004,,,,,
2021-12,Undefined,562852,0.000,0.005,-0.005,,,,,
2021-12,Undefined,707553,0.000,0.005,-0.005,,,,,
2021-12,Undefined,562650,0.000,0.005,-0.005,,,,,
2021-12,Undefined,730531,0.000,0.006,-0.006,,,,,
2021-12,Undefined,345458,0.000,0.006,-0.006,,,,,
2021-12,Undefined,599623,0.000,0.006,-0.006,,,,,
2021-12,Undefined,449151,0.000,0.007,-0.007,,,,,
2021-12,Undefined,591238,0.000,0.008,-0.008,,,,,
2021-12,Undefined,730535,0.000,0.009,-0.009,,,,,
2021-12,Undefined,590699,0.000,0.010,-0.010,,,,,
2021-12,Undefined,368663,0.000,0.010,-0.010,,,,,
2021-12,Undefined,730536,0.000,0.013,-0.013,,,,,
2021-12,Undefined,341585,0.000,0.014,-0.014,,,,,
2021-12,Undefined,1348,0.000,0.023,-0.023,,,,,
2021-12,Undefined,146547,0.000,0.028,-0.028,,,,,
2021-12,Undefined,889925,0.000,0.032,-0.032,,,,,
2021-12,Undefined,345514,0.000,0.043,-0.043,,,,,
2021-12,Undefined,146213,0.000,0.094,-0.094,,,,,
